work_level_1,work_level_2,work_level_3,risk_level_1,risk_level_2,risk_level_3,risk_level_4,name,scale,window
↵地基与基础,,,,,,,,,
↵,,,基坑,,,,,,
↵,,,,特殊天气,,,,,
↵,,,,,雨期施工,,,,
↵,,,,,,,未对基坑开展巡视检查,二级重大隐患,1
↵,,,,,,,基坑监测频率不符合方案要求,二级重大隐患,1
↵,,,,,,,基坑底部无有效排水措施,隐患,1
↵,土方,,,,,,,,
↵,,,特殊天气,,,,,,
↵,,,,大风,,,,,
↵,,,,,,,未停止土方作业、房屋拆除以及可能产生扬尘污染的作业,二级重大隐患,1
↵,,土方开挖,,,,,,,
↵,,,基坑开挖,,,,,,
↵,,,,,,,未按要求分层、分段、均衡开挖等,二级重大隐患,1
↵,,,,,,,未采取防止碰撞支护结构、工程桩和扰动基底原状土的有效措施,隐患,1
↵,,,,,,,开挖前未探明地下障碍物,隐患,1
↵,,,,,,,开挖面上方的锚杆、土钉、支撑未达到设计要求时，向下超挖土方,二级重大隐患,1
↵,,,机械开挖,,,,,,
↵,,,,,,,在软土场地作业，未采取铺设渣土、砂石等硬化措施,隐患,1
↵,,,,,,,作业机械、施工人员的安全距离不符合规范要求,隐患,1
↵,,,,,,,现场无专人指挥,隐患,1
↵,,,人工挖孔,,,,,,
↵,,,,,,,使用吊装设施、设备不符合要求,二级重大隐患,1
↵,,,,,,,无防坠落装置或防坠落装置失效,二级重大隐患,1
↵,,,,,,,三角架无固定措施,隐患,1
↵,,,,,,,未设置通风设施或设置不符合要求,二级重大隐患,1
↵,,,,,,,周边未设置有限空间警示标示,隐患,1
↵,,,,,,,未设置照明设施或照明设置不规范,隐患,1
↵,,,护坡施工,,,,,,
↵,,,,,,,自然放坡坡率不符合专项施工方案和规范要求,隐患,1
↵,,,,,,,挡土墙未采取变形倾覆措施,二级重大隐患,1
↵,,,基坑防护,,,,,,
↵,,,,,,,开挖深度1.5m未放坡或采取固壁措施,隐患,1
↵,,,,,,,未按要求对基坑暴露管线采取保护措施,隐患,1
↵,,,,,,,开挖深度2m以上的基坑周边未设置防护栏杆或栏杆设置不符合要求,二级重大隐患,1
↵,,,,,,,基坑深度超过3m未设置人员上下的专用梯道或梯道设置不符合要求,隐患,1
↵,,,,,,,梯道或马道主节点焊接不符合要求,隐患,1
↵,,,,,,,梯道或马道无防滑措施,隐患,1
↵,,,,,,,梯道或马道未设置防护,隐患,1
↵,,,,,,,未设置应急照明设施,隐患,1
↵,,,,,,,梯道或马道无防落物措施,隐患,1
↵,,土方回填,,,,,,,
↵,,场地平整,,,,,,,
↵,基坑支护,,,,,,,,
↵,,,支护结构,,,,,,
↵,,,,基坑支护,,,,,
↵,,,,,,,狭窄基槽等开挖深度较大或存在边坡塌方危险未采取支护措施,一级重大隐患,3
↵,,,,,,,支护结构产生变形无防治方案或未采取措施,二级重大隐患,1
↵,,,,,,,未达到设计规定的拆除条件，拆除锚杆或支撑,二级重大隐患,1
↵,,,,,,,钢支撑构件焊接、间距未按照方案及规范要求施工,隐患,1
↵,,,,,,,作业环境未设置有效的隔离安全措施,隐患,1
↵,,,,,,,钢支撑、钢腰梁无防坠落措施,隐患,1
↵,,,,荷载,,,,,
↵,,,,,基坑荷载,,,,
↵,,,,,,,基坑边未按规定堆土、堆料、设置机具,隐患,1
↵,,,,,其他,,,,
↵,,,,,,,机械设备与支护结构相碰撞,二级重大隐患,1
↵,,,,,,,支护结构物上面放置或悬挂重物,二级重大隐患,1
↵,,,,作业环境,,,,,
↵,,,,,基坑,,,,
↵,,,,,,,夜间作业未设置照明设施或设置不符合要求,隐患,1
↵,,,,,,,基坑周边物料未及时清理,隐患,1
↵,,,,,,,垂直交叉作业未采取隔离防护措施,隐患,1
↵,,,,,,,项目未按要求对基坑进行验收,二级重大隐患,1
↵,,,,支撑结构拆除,,,,,
↵,,,,,专项方案,,,,
↵,,,,,,,基坑支撑结构的拆除方式、拆除顺序不符合专项方案要求,二级重大隐患,1
↵,,,,,机械拆除,,,,
↵,,,,,,,施工荷载大于支撑结构承载能力,二级重大隐患,1
↵,,,,,人工拆除,,,,
↵,,,,,,,未按照规定设置保护设施,二级重大隐患,1
↵,,,,,,,采用非常规拆除方式不符合国家现行规范要求,隐患,1
↵,,,,监测管理,,,,,
↵,,,,,基坑监测,,,,
↵,,,,,,,深基坑支护工程监测项目和监测频率不符合要求,隐患,1
↵,,,,,,,基坑监测项目不符设计和规范要求,一级重大隐患,3
↵,,,,,,,基坑监测危险报警，未对基坑支护结构和周边环境中的保护对象采取应急措施,二级重大隐患,1
↵,,,,,其他规定,,,,
↵,,,,,,,监测管理机制不完善，布设的监测点不满足监测工作要求,二级重大隐患,1
↵,,,,,,,未按要求提交监测报告或监测报告内容不完整,隐患,1
↵,,灌注桩排桩围护墙,,,,,,,
↵,,水泥土重力式挡墙,,,,,,,
↵,,板桩施工围护墙,,,,,,,
↵,,型钢水泥土搅拌墙,,,,,,,
↵,,土钉墙,,,,,,,
↵,,地下连续墙,,,,,,,
↵,,咬合桩围护墙,,,,,,,
↵,,内支撑,,,,,,,
↵,,锚杆,,,,,,,
↵,,与主体结构相结合的基坑支护,,,,,,,
↵,地基,,,,,,,,
↵,,素土、灰土地基,,,,,,,
↵,,砂和砂石地基,,,,,,,
↵,,土工合成材料地基,,,,,,,
↵,,粉煤灰地基,,,,,,,
↵,,强夯地基,,,,,,,
↵,,注浆地基,,,,,,,
↵,,预压地基,,,,,,,
↵,,高压旋喷注浆地基,,,,,,,
↵,,水泥土搅拌桩地基,,,,,,,
↵,,土和灰土挤密桩复合地基,,,,,,,
↵,,水泥粉煤灰碎石桩复合地基,,,,,,,
↵,,夯实水泥土桩复合地基,,,,,,,
↵,,砂石桩复合地基,,,,,,,
↵,基础,,,,,,,,
↵,,,支护结构,,,,,,
↵,,,,桩基,,,,,
↵,,,,,,,桩基设备设置不稳、不实,隐患,1
↵,,,,,,,操作人员未按操作规程作业,隐患,1
↵,,,,,,,桩机移动过程中无专人指挥,隐患,1
↵,,,,,,,存在渗漏水，空洞、缩颈、断桩现象,隐患,1
↵,,,,,,,桩间土出现超挖时，未及时采取有效措施进行封堵,二级重大隐患,1
↵,,,,,,,临河工程的连续墙接缝渗流,一级重大隐患,3
↵,,,,,,,连续墙、钻孔桩成孔及灌注混凝土后，未及时遮盖井口,隐患,1
↵,,,,,,,临河工程的围护桩间渗流,一级重大隐患,3
↵,,,,,,,坡边、岸边的桩基无整体稳定性验算,二级重大隐患,1
↵,,无筋扩展基础,,,,,,,
↵,,钢筋混凝土扩展基础,,,,,,,
↵,,筏形与箱形基础,,,,,,,
↵,,钢结构基础,,,,,,,
↵,,钢管混凝土结构基础,,,,,,,
↵,,型钢混凝土结构基础,,,,,,,
↵,,钢筋混凝土预制桩基础,,,,,,,
↵,,泥浆护壁成孔灌注桩基础,,,,,,,
↵,,干作业成孔桩基础,,,,,,,
↵,,长螺旋钻孔压灌桩基础,,,,,,,
↵,,沉管灌注桩基础,,,,,,,
↵,,钢桩基础,,,,,,,
↵,,锚杆静压桩基础,,,,,,,
↵,,岩石锚杆基础,,,,,,,
↵,,沉井与沉箱基础,,,,,,,
↵,地下水控制,,,,,,,,
↵,,降水与排水,,,,,,,
↵,,,基坑,,,,,,
↵,,,,,,,未采取有效的降排水措施或设置不符合规范要求,一级重大隐患,3
↵,,,,,,,降水施工未对临近建筑及管线采取沉降措施,隐患,1
↵,,,,,,,周边未设置排水系统和使用不符合规范,隐患,1
↵,,,,,,,周边未设置降水井或设置降水井不符合规范,隐患,1
↵,,,,,,,周边5m范围内设置集水坑，潜水泵使用不符合规范要求,隐患,1
↵,,,,,,,周边未设置有效的挡水措施或设置不符合要求,隐患,1
↵,,,护坡,,,,,,
↵,,,,,,,坡顶、坡面、坡脚未采取降排水措施,隐患,1
↵,,回灌,,,,,,,
↵,边坡,,,,,,,,
↵,,喷锚支护,,,,,,,
↵,,挡土墙,,,,,,,
↵,,,,,,,挡土墙一次性砌筑高度超过1.2m,二级重大隐患,1
↵,,,,,,,砌筑高度超过1.8m无构造措施,二级重大隐患,1
↵,,,,,,,挡土墙构造柱未当日浇筑,隐患,1
↵,,边坡开挖,,,,,,,
↵,地下防水,,,,,,,,
↵,,主体结构防水,,,,,,,
↵,,细部构造防水,,,,,,,
↵,,特殊施工法结构防水,,,,,,,
↵,,排水,,,,,,,
↵,,注浆,,,,,,,
↵主体结构,,,,,,,,,
↵,,,临设工程,,,,,,
↵,,,,临时用电,,,,,
↵,,,,,管理与验收,,,,
↵,,,,,,施工组织设计及方案,,,
↵,,,,,,,用电设备5台以上或设备总容量在50KW以上，未编制临时用电施工组织设计,严重违章,3
↵,,,,,,,施工组织设计未按规定进行编制、审核、审批,违章,1
↵,,,,,,,现场施工与施工组织设计或方案不相符,二级重大隐患,1
↵,,,,,,,施工组织设计变更时，未履行编制、审核、批准程序,违章,1
↵,,,,,,用电档案,,,
↵,,,,,,,未与相关单位签订临时用电安全管理协议,严重违章,3
↵,,,,,,,未进行临时用电绝缘电阻测试，或数据填写错误,违章,1
↵,,,,,,,未按规范进行接地电阻测试或数据填写错误,违章,1
↵,,,,,,,无临时用电漏电保护器运行检测记录，或检测不合格无处理措施,违章,1
↵,,,,,,,无临时用电验收记录，或验收人员签字不全,违章,1
↵,,,,,,,无调试记录,违章,1
↵,,,,,,,电工未按要求填写巡检维修记录,违章,1
↵,,,,,,,档案资料不全、未设专人管理,问题,1
↵,,,,,,电工及用电人员,,,
↵,,,,,,,安装、巡检、维修或拆除临时用电设备和线路非电工进行操作,二级重大隐患,1
↵,,,,,,,电工进行操作时未设监护人,隐患,1
↵,,,,,,,施工现场非建设行政主管部门颁发的建筑电工操作证,二级重大隐患,1
↵,,,,,,,电工及用电人员未通过安全教育培训和技术交底上岗作业,二级重大隐患,1
↵,,,,,,,操作时未按规范要求戴绝缘手套及绝缘鞋,二级重大隐患,1
↵,,,,,现场用电,,,,
↵,,,,,,外电防护,,,
↵,,,,,,,外电线路与在建工程及脚手架、起重机械、场内机动车道之间安全距离不符合规范要求且未采取防护措施,二级重大隐患,1
↵,,,,,,,未编制外电防护方案,二级重大隐患,1
↵,,,,,,,防护材质不符合规范要求,隐患,1
↵,,,,,,,防护设施与外电线路的安全距离及搭设不符合规范要求,二级重大隐患,1
↵,,,,,,,防护设施未设置明显的警示标志,问题,1
↵,,,,,,,在外电架空线路正下方施工、建造临时设施或堆放材料物品,隐患,1
↵,,,,,,,外电架空线路附近开挖沟槽时，未采取措施防止架空线路电杆倾斜、悬倒,隐患,1
↵,,,,,,接地与接零保护系统,,,
↵,,,,,,,施工现场未采用TN-S接零保护系统,一级重大隐患,3
↵,,,,,,,配电系统未采用同一保护系统,二级重大隐患,1
↵,,,,,,,保护零线引出的位置不符合规范要求,隐患,1
↵,,,,,,,电气设备未接保护零线，设备外壳没有与保护零线连接,二级重大隐患,1
↵,,,,,,,保护零线有断线、装设开关、熔断器或通过工作电流,隐患,1
↵,,,,,,,保护零线材质、规格及颜色不符合规范要求,隐患,1
↵,,,,,,,通过总漏电保护器的工作零线与保护零线之间有电气连接,隐患,1
↵,,,,,,,TN接零保护系统中PE线未单独敷设,隐患,1
↵,,,,,,,电机、变压器、电器、照明器具、手持电动工具金属外壳未做保护接零,隐患,1
↵,,,,,,,电气设备传动装置的金属部件未做保护接零,隐患,1
↵,,,,,,,配电柜与控制柜的金属框架未做保护接零,隐患,1
↵,,,,,,,配电装置的金属箱体、框架及靠近带电体部分的金属围栏和金属门未做保护接零,隐患,1
↵,,,,,,,电力线路的金属保护管、敷线的钢索、起重机的底座和轨道、滑升模板金属操作平台未做保护接零,隐患,1
↵,,,,,,,安装在电力线路杆（塔）上的开关、电容器等电气装置的金属外壳及支架未做保护接零,隐患,1
↵,,,,,,,TN系统保护零线未按规范要求在配电室或总配电箱处、系统中间处和末端处三处做重复接地,二级重大隐患,1
↵,,,,,,,工作接地与重复接地的设置、安装及接地装置的材料不符合规范要求,隐患,1
↵,,,,,,,工作接地电阻大于4Ω，重复接地电阻大于10Ω,隐患,1
↵,,,,,,,接地体或接地线采用铝导体，垂直接地体采用螺纹钢,二级重大隐患,1
↵,,,,,,,移动式发电机供电的电气设备，金属外壳或底座未与发电机电源接地装置做电气连接,隐患,1
↵,,,,,,,施工现场起重机、物料提升机、施工升降机、脚手架防雷措施不符合规范要求,二级重大隐患,1
↵,,,,,,,防雷装置的冲击接地电阻大于30Ω，起重机接地电阻大于4Ω,隐患,1
↵,,,,,,,做防雷接地机械上的电气设备，保护零线未同时做重复接地,隐患,1
↵,,,,,,配电室及自备电源,,,
↵,,,,,,,配电室设置的位置不符合规范要求,隐患,1
↵,,,,,,,成列配电柜和控制柜两端与重复接地及保护零线未做电气连接,隐患,1
↵,,,,,,,配电室不能自然通风，未采取防止雨雪侵入和动物进入的措施,隐患,1
↵,,,,,,,配电室正面的操作通道，单列布置或双列背对背布置小于1.5米，双列面对面布置小于2米,问题,1
↵,,,,,,,配电柜后面维护通道，单列或双列面对面小于0.8米，双列背对背小于1.5米,问题,1
↵,,,,,,,配电柜侧面的维护通道小于1米，配电室顶棚与地面的距离低于3米,问题,1
↵,,,,,,,值班室边缘距配电柜的水平距离小于1米，无屏障隔离,问题,1
↵,,,,,,,配电室的母线相序及颜色不符合规范要求,隐患,1
↵,,,,,,,配电室未按规范要求铺设绝缘垫,隐患,1
↵,,,,,,,配电室的门向内开，没有锁，配电室未设正常照明和事故照明,隐患,1
↵,,,,,,,消防用电从总隔离开关以下引出,二级重大隐患,1
↵,,,,,,,配电柜无电度表无电流、电压表，电流表与电度表公用一组电流互感器,隐患,1
↵,,,,,,,配电柜无电源隔离开关，无短路、过载、漏电保护电器，电源隔离开关分断时不可见断开点,一级重大隐患,3
↵,,,,,,,配电柜无编号，无用途标记,问题,1
↵,,,,,,,配电柜或配电线路停电维修时未挂接地线，未挂停电标志牌，停送电非专人负责,隐患,1
↵,,,,,,,配电室未设警示标志、工地供电平面图和系统图，未悬挂操作规程,问题,1
↵,,,,,,,配电室堆放有杂物,隐患,1
↵,,,,,,,发电机组电源未与外电线路电源连锁,二级重大隐患,1
↵,,,,,,,发电机组并列运行时，未装设同期装置,二级重大隐患,1
↵,,,,,,,发电机供电系统未按规范设置保护电器,二级重大隐患,1
↵,,,,,,配电线路,,,
↵,,,,,,,电缆沿地面明设，沿脚手架、树木等敷设或敷设不符合规范要求,隐患,1
↵,,,,,,,电缆与架设点未按规范进行绝缘隔离及采取卸载措施,隐患,1
↵,,,,,,,线路末端的电压偏移大于额定电压的5%,隐患,1
↵,,,,,,,架空线路未设短路和过载保护,二级重大隐患,1
↵,,,,,,,线路接头不能保证机械强度和绝缘强度,隐患,1
↵,,,,,,,线路截面不能满足负荷电流,二级重大隐患,1
↵,,,,,,,黄、绿、红色绝缘芯线，黄绿双色绝缘芯线和淡蓝色芯线存在混用,隐患,1
↵,,,,,,,埋地电缆路径无方位标志,隐患,1
↵,,,,,,,电缆埋地深度小于0.7米，四周未按规范敷设细沙和硬质保护层,隐患,1
↵,,,,,,,埋地电缆引出地面从2米到地下0.2米未加保护套管，或管径小于电缆外径的1.5倍,隐患,1
↵,,,,,,,埋地电缆与附近外电缆和管沟的平行和交叉距离不符合规范要求,隐患,1
↵,,,,,,,室内明敷电缆主干线距地面高度小于2.5米,隐患,1
↵,,,,,,配电箱与开关箱,,,
↵,,,,,,,配电箱厂家资质、合格证及检测资料不全,违章,1
↵,,,,,,,分配电箱与开关箱、开关箱用电设备水平距离不符合规范要求,隐患,1
↵,,,,,,,用电设备无专用开关箱，或同一个开关箱控制两台及两台以上用电设备（含插座）,二级重大隐患,1
↵,,,,,,,动力和照明未分路设置，动力开关箱与照明开关箱未分设,隐患,1
↵,,,,,,,箱体结构、箱内电器设置不符合规范要求,隐患,1
↵,,,,,,,配电箱端子板的设置、连接不符合规范要求,隐患,1
↵,,,,,,,配电箱、开关箱中的导线进出线口不在箱体的底面,隐患,1
↵,,,,,,,配电箱、开关箱的外形结构不能达到防雨、防尘,隐患,1
↵,,,,,,,箱体未设置门、锁,隐患,1
↵,,,,,,,配电箱进出线未采取防护绝缘措施进行固定，标识不清,隐患,1
↵,,,,,,,箱体未设置系统接线图和分路标记，箱外无编号和负责人,隐患,1
↵,,,,,,,漏电保护器参数不匹配或检测不灵敏，使用可调式漏电开关,一级重大隐患,3
↵,,,,,,,漏电保护器的极数和线数与负荷侧负荷的相数和线数不一致,隐患,1
↵,,,,,,,配电箱、开关箱的电源进线端采用插头和插座做活动连接,二级重大隐患,1
↵,,,,,,,配电箱未设置防护栏、未设警告标志和灭火器,隐患,1
↵,,,,,,,箱体安装位置、高度、及周边通道不符合规范要求,隐患,1
↵,,,,,,,箱内有带电体明露，箱内存放有杂物,隐患,1
↵,,,,,,,停止作业1小时以上开关箱未断电上锁,隐患,1
↵,,,,,,电动建筑机械和手持电动工具,,,
↵,,,,,,,未按照说明书使用、检查、维修,隐患,1
↵,,,,,,,运行时产生振动的设备基座、外壳与PE线连接点少于2处,隐患,1
↵,,,,,,,塔身高于30米的塔式起重机，未在塔顶和臂架端部设置信号灯,隐患,1
↵,,,,,,,外用电梯梯笼内和外未按规范要求安装紧急停止开关,二级重大隐患,1
↵,,,,,,,外用电梯和物料提升机未按规范要求设置限位开关,二级重大隐患,1
↵,,,,,,,潜水式钻孔机开关箱的漏电保护器参数不符合规范要求,二级重大隐患,1
↵,,,,,,,夯土机械作业未按规定穿戴绝缘用品，无专人调整电缆电缆长度不符合规范要求,二级重大隐患,1
↵,,,,,,,夯土机械的操作扶手无绝缘措施,二级重大隐患,1
↵,,,,,,,单向运行的机械设备使用倒顺开关,二级重大隐患,1
↵,,,,,,,焊接机械放置的位置不符合规范要求,二级重大隐患,1
↵,,,,,,,交流弧焊机一次侧电源线超过5米，未按规范设置防护罩,隐患,1
↵,,,,,,,交流电焊机未安装二次侧触电保护器,二级重大隐患,1
↵,,,,,,,电焊机二次侧电缆材质和长度不符合规范要求,隐患,1
↵,,,,,,,焊接作业未按规范要求穿戴防护用品，下雨天从事焊接作业,二级重大隐患,1
↵,,,,,,,在潮湿场所或金属构架上使用I类手持电动工具,二级重大隐患,1
↵,,,,,,,手持电工工具负荷线有接头，材质不符合规范要求,隐患,1
↵,,,,,,,水泵的负荷线材质不符合规范要求，或有破损现象和接头,隐患,1
↵,,,,,,,水泵的悬吊材料未按规定采用绝缘材料,隐患,1
↵,,,,,,,对设备清理、检查、维修时，未按规范要求分闸断电，关门上锁,隐患,1
↵,,,,,,照明,,,
↵,,,,,,,特殊场所未使用36V及以下安全电压,隐患,1
↵,,,,,,,手持照明灯未使用36V以下电源供电,二级重大隐患,1
↵,,,,,,,手持灯具破损或无防护措施,隐患,1
↵,,,,,,,照明变压器未使用双绕组安全隔离变压器,隐患,1
↵,,,,,,,单相回路灯具和插座数量、负荷电流不符合规范要求,隐患,1
↵,,,,,,,照明专用回路未安装漏电保护器,隐患,1
↵,,,,,,,灯具金属外壳未接保护零线,隐患,1
↵,,,,,,,灯具与地面、易燃物之间小于安全距离,隐患,1
↵,,,,,,,灯具的工作零线由开关控制,隐患,1
↵,,,,,,,照明线路接线混乱和安全电压线路接头处未使用绝缘布包扎,隐患,1
↵,,,,,,,对夜间影响飞机或车辆同行的在建工程及设备未按规范设置信号灯,隐患,1
↵,,,,,,,生活区宿舍照明用电电压高于36V,隐患,1
↵,,,,,,,固定灯具的金属支架手持部位未采取绝缘措施,隐患,1
↵,,,,,,,施工现场未按规范设置应急照明,二级重大隐患,1
↵,,,,,,,特殊环境下未使用相应灯具,二级重大隐患,1
↵,,,,特殊天气,,,,,
↵,,,,,雨期施工,,,,
↵,,,,,,,电气设备、线路未按规定设置接地保护和防雨设施,二级重大隐患,1
↵,,,,,,,未定期对电气设备、线路进行全面的检查,隐患,1
↵,,,,,,,不符合规范要求的电气设备、电缆等未及时修理和更换,隐患,1
↵,,,,,,,未设置避雷装置,二级重大隐患,1
↵,,,,,,,避雷装置设置不合理,隐患,1
↵,,,,,,,电缆及导线两端未绝缘密封,二级重大隐患,1
↵,,,,,,,未停止室外作业,隐患,1
↵,,,,,,,大雨时未停止焊接,隐患,1
↵,,,,,冬期施工,,,,
↵,,,,,,,未定期对电气设备、线路进行全面的检查,隐患,1
↵,,,,,,,不符合规范要求的电气设备、电缆等未及时修理和更换,隐患,1
↵,,,,,,,施工区或生活区使用明火取暖,二级重大隐患,1
↵,,,,,,,施工区或生活区违规使用电暖气等电气设施,隐患,1
↵,,,,机械设备,,,,,
↵,,,,,施工机具,,,,
↵,,,,,,通用要求,,,
↵,,,,,,,主体结构变形、开焊或明显锈蚀，连接松动,二级重大隐患,1
↵,,,,,,,开式齿轮、链条，皮带等传动装置无防护装置或防护装置不起作用,隐患,1
↵,,,,,,,安全装置不齐全有效,二级重大隐患,1
↵,,,,,,,零部件、附件不齐全有效,隐患,1
↵,,,,,,,未做保护接零、未设置漏电保护器,二级重大隐患,1
↵,,,,,,,固定式设备无操作场所或场所设置不合理,隐患,1
↵,,,,,,,设备安装后未进行验收，无验收合格手续,严重违章,3
↵,,,,,,平刨,,,
↵,,,,,,,平刨安装后未进行验收，无验收合格手续,违章,1
↵,,,,,,,未设置护手安全装置,隐患,1
↵,,,,,,,传动部位未设置防护罩,隐患,1
↵,,,,,,,未做保护接零、未设置漏电保护器,二级重大隐患,1
↵,,,,,,,开关箱距设备距离大于3m，电源线未穿管保护，使用铁壳倒顺开关,隐患,1
↵,,,,,,,未设置安全防护棚或防护棚设置不符合规范要求,二级重大隐患,1
↵,,,,,,,防护棚内杂物多，未及时进行清理,隐患,1
↵,,,,,,,无人操作时未切断电源,隐患,1
↵,,,,,,,使用平刨和圆盘锯合用一台电机的多功能木工机具,隐患,1
↵,,,,,,,未悬挂操作规程，负责人标识标牌,隐患,1
↵,,,,,,,作业人员未执行操作规程,二级重大隐患,1
↵,,,,,,圆盘锯,,,
↵,,,,,,,电锯安装后未进行验收，无验收合格手续,违章,1
↵,,,,,,,未设置锯盘护罩、分料器、防护挡板安全装置和传动部位未进行防护,隐患,1
↵,,,,,,,未做保护接零、未设置漏电保护器,二级重大隐患,1
↵,,,,,,,开关箱距设备距离大于3m，电源线未穿管保护，使用铁壳倒顺开关,隐患,1
↵,,,,,,,未设置安全防护棚或防护棚设置不符合规范要求,隐患,1
↵,,,,,,,无人操作时未切断电源,隐患,1
↵,,,,,,,防护棚内杂物多，未及时进行清理,隐患,1
↵,,,,,,,未悬挂操作规程，负责人标识标牌,隐患,1
↵,,,,,,,锯盘开裂或连续断齿两个及以上,二级重大隐患,1
↵,,,,,,,作业人员未执行操作规程,二级重大隐患,1
↵,,,,,,手持电动工具,,,
↵,,,,,,,Ⅰ类手持电动工具未采取保护接零或漏电保护器,二级重大隐患,1
↵,,,,,,,使用Ⅰ类手持电动工具不按规定穿戴绝缘用品,二级重大隐患,1
↵,,,,,,,使用手持电动工具随意接长电源线或更换插头,隐患,1
↵,,,,,,钢筋机械,,,
↵,,,,,,,机械安装后未进行验收，无验收合格手续,严重违章,3
↵,,,,,,,未做保护接零、未设置漏电保护器,隐患,1
↵,,,,,,,钢筋加工区无防护棚，钢筋对焊作业区未采取防止火花飞溅措施，冷拉作业区未设置防护栏,隐患,1
↵,,,,,,,传动部位未设置防护罩或限位失灵,隐患,1
↵,,,,,,,未悬挂操作规程，负责人标识标牌,隐患,1
↵,,,,,,,作业棚内杂物多，未及时进行清理,隐患,1
↵,,,,,,,作业人员未执行操作规程,二级重大隐患,1
↵,,,,,,,开关箱距设备距离大于3m，电源线未穿管保护，使用铁壳倒顺开关,隐患,1
↵,,,,,,,设备漏油，清理不及时,隐患,1
↵,,,,,,电焊机,,,
↵,,,,,,,电焊机安装后未留有验收合格手续,违章,1
↵,,,,,,,未做保护接零、未设置漏电保护器,二级重大隐患,1
↵,,,,,,,未设置二次空载降压保护器或二次侧漏电保护器,二级重大隐患,1
↵,,,,,,,一次线长度超过规定或不穿管保护,隐患,1
↵,,,,,,,二次线长度超过规定或未采用防水橡皮护套铜芯软电缆,隐患,1
↵,,,,,,,电源不使用自动开关,隐患,1
↵,,,,,,,二次线接头超过3处或绝缘层老化,隐患,1
↵,,,,,,,电焊机未设置防雨罩、接线柱未设置防护罩,隐患,1
↵,,,,,,搅拌机,,,
↵,,,,,,,搅拌机安装后未进行验收，无验收合格手续,隐患,1
↵,,,,,,,未做保护接零、未设置漏电保护器,二级重大隐患,1
↵,,,,,,,离合器、制动器、钢丝绳达不到要求,隐患,1
↵,,,,,,,操作手柄未设置保险装置,隐患,1
↵,,,,,,,未设置安全防护棚,二级重大隐患,1
↵,,,,,,,上料斗未设置安全挂钩或挂钩不使用,二级重大隐患,1
↵,,,,,,,传动部位未设置防护罩,隐患,1
↵,,,,,,,限位不灵敏,隐患,1
↵,,,,,,,作业平台不平稳,隐患,1
↵,,,,,,,未悬挂操作规程，负责人标识标牌,隐患,1
↵,,,,,,,作业人员未执行操作规程,二级重大隐患,1
↵,,,,,,,作业棚内杂物多，未及时进行清理,隐患,1
↵,,,,,,,未按规定进行日常保养、定期保养,隐患,1
↵,,,,,,,搅拌机检查未断电未设专人监护,二级重大隐患,1
↵,,,,,,气瓶,,,
↵,,,,,,,氧气瓶未安装减压器,隐患,1
↵,,,,,,,各种气瓶未标明标准色标,隐患,1
↵,,,,,,,气瓶间距小于5米、距明火小于10米未采取隔离措施,隐患,1
↵,,,,,,,乙炔瓶使用或存放时平放,隐患,1
↵,,,,,,,乙炔瓶未安装回火防止器,隐患,1
↵,,,,,,,气瓶存放不符合要求,隐患,1
↵,,,,,,,气瓶未设置防震圈和防护帽,隐患,1
↵,,,,,,翻斗车,,,
↵,,,,,,,翻斗车制动装置不灵敏,二级重大隐患,1
↵,,,,,,,无证司机驾车,二级重大隐患,1
↵,,,,,,,行车载人或违章行车,隐患,1
↵,,,,,,潜水泵,,,
↵,,,,,,,未做保护接零、未设置漏电保护器,二级重大隐患,1
↵,,,,,,,漏电动作电流大于15mA、负荷线未使用专用防水橡皮电缆,二级重大隐患,1
↵,,,,,,振捣器具,,,
↵,,,,,,,未使用移动式配电箱,隐患,1
↵,,,,,,,电缆长度超过30米,隐患,1
↵,,,,,,,操作人员未穿戴好绝缘防护用品,二级重大隐患,1
↵,,,,,,桩工机械,,,
↵,,,,,,,机械安装后未进行验收，无验收合格手续,严重违章,3
↵,,,,,,,桩工机械未设置安全保护装置,二级重大隐患,1
↵,,,,,,,机械行走路线地耐力不符合说明书要求,隐患,1
↵,,,,,,,施工作业未编制方案,严重违章,3
↵,,,,,,,未按规定进行日常保养、定期保养,隐患,1
↵,,,,,,,设备停用后未关机上锁,隐患,1
↵,,,,,,,外电线路与机械的安全距离不符合规范要求,二级重大隐患,1
↵,,,,,,,桩工机械作业违反操作规程,二级重大隐患,1
↵,,,,,,泵送机械,,,
↵,,,,,,,机械安装后未进行验收，无验收合格手续,严重违章,3
↵,,,,,,,未做保护接零、未设置漏电保护器,二级重大隐患,1
↵,,,,,,,固定式砼输送泵未制作良好的设备基础,隐患,1
↵,,,,,,,移动式砼输送泵车未安装在平坦坚实的地坪,隐患,1
↵,,,,,,,机械周围排水不通畅，无两个以上的沉淀池,隐患,1
↵,,,,,,,机械产生的噪声超过《建筑施工场界噪声限值》,隐患,1
↵,,,,,,,整机不清洁、漏油、漏水,隐患,1
↵,,,,,,,固定式砼输送泵未设置安全防护棚或防护棚设置不符合规范要求,隐患,1
↵,,,,,,,作业棚内杂物多，未及时进行清理,隐患,1
↵,,,,,,,未悬挂操作规程，负责人标识标牌,隐患,1
↵,,,,,,,设备停用后未关机上锁,隐患,1
↵,,,,,,,作业人员未执行操作规程,二级重大隐患,1
↵,,,,,,,未按规定进行日常保养、定期保养,隐患,1
↵,,,,,,资料,,,
↵,,,,,,,无机械设备台账、平面布置图或不全,违章,1
↵,,,,,,,无设备资料、相关备案资料或不全,严重违章,3
↵,,,,,,,无机械设备验收、维修保养记录、安全检查及隐患整改记录或不全,严重违章,3
↵,,,,,,,无租赁合同、安全协议，作业人员安全技术交底或不全,严重违章,3
↵,,,,,,,无操作人员花名册及操作证复印件，教育考试记录或不全,严重违章,3
↵,,,,围挡,,,,,
↵,,,,,,,施工现场未设置围挡,二级重大隐患,1
↵,,,,,,,围挡搭设或材质不符合要求的,隐患,1
↵,,,,,,,进出口周边100m内的道路有泥土和建筑垃圾,隐患,1
↵,,,,,,,围挡及大门未规定进行清洗或翻新,隐患,1
↵,,,,现场道路及场地,,,,,
↵,,,,,,,主要道路未进行硬化或铺设钢板,二级重大隐患,1
↵,,,,,,,主要道路破损，坑洼泥泞,隐患,1
↵,,,,,,,物料存放区场地不平整，未夯实,隐患,1
↵,,,,,,,存放区场地面层未铺设混凝土或细石,隐患,1
↵,,,,,,,现场排水不畅通，积水较多,隐患,1
↵,,,,,,,施工现场道路未清扫，有泥土和建筑垃圾,隐患,1
↵,,,," 地面、土堆 ",,,,,
↵,,,,,,,裸露地面、土堆未固化或绿化或覆盖,二级重大隐患,1
↵,,,,,,,裸露地面、土堆未覆盖严密,隐患,1
↵,混凝土结构,,,,,,,,
↵,,,特殊天气,,,,,,
↵,,,,大风,,,,,
↵,,,,,四级以上,,,,
↵,,,,,,,未停止塔吊顶升作业,二级重大隐患,1
↵,,,高处作业,,,,,,
↵,,,,基本规定,,,,,
↵,,,,,管理与验收,,,,
↵,,,,,,,未按规定编制高处作业安全技术措施,严重违章,3
↵,,,,,,,施工前，未按规定对安全防护设施进行检查验收,严重违章,3
↵,,,,,,,现场可能坠落的物料未及时清移或采取固定措施,隐患,1
↵,,,,临边与洞口作业,,,,,
↵,,,,,临边作业,,,,
↵,,,,,,,作业面边沿无临边防护,二级重大隐患,1
↵,,,,,,,临边护栏未使用密目式安全网封闭,隐患,1
↵,,,,,,,临边防护设施的构造、强度不符合规范要求,二级重大隐患,1
↵,,,,,洞口作业,,,,
↵,,,,,,,孔、洞未采取防护措施,二级重大隐患,1
↵,,,,,,,防护措施、设施不符合要求或不严密,二级重大隐患,1
↵,,,,,,,盖板未刷红白漆,隐患,1
↵,,,,,,,伸缩缝和后浇带处，未加固定盖板防护并警示标识,隐患,1
↵,,,,,,,电梯井防护门设置不符合规范要求,二级重大隐患,1
↵,,,,,,,电梯井和管道竖井作为垃圾通道或电梯井作为垂直运输通道,隐患,1
↵,,,,,防护栏杆,,,,
↵,,,,,,,防护栏杆立杆间距不符合规范要求,隐患,1
↵,,,,,,,防护栏杆横杆间距不符合规范要求,隐患,1
↵,,,,,,,防护栏杆挡脚板设置不符合规范要求,隐患,1
↵,,,,攀登与悬空作业,,,,,
↵,,,,,攀登作业,,,,
↵,,,,,,,超过2m的攀登作业未设置操作平台,二级重大隐患,1
↵,,,,,,,梯子的材质或制作质量不符合规范要求,隐患,1
↵,,,,,,,梯子上超过一人作业,隐患,1
↵,,,,,,,通道处使用梯子作业未设置专人监护或围栏,隐患,1
↵,,,,,,,梯子的梯脚垫高使用,二级重大隐患,1
↵,,,,,,,折梯未使用金属杆撑或可靠的锁定装置,隐患,1
↵,,,,,,,梯子踏步间距不符合规范要求,隐患,1
↵,,,,,,,固定式直梯，攀登高度超3m未设置护笼,二级重大隐患,1
↵,,,,,,,固定式直梯，攀登高度超8m未设置梯间平台,二级重大隐患,1
↵,,,,,悬空作业,,,,
↵,,,,,,,未设置防护栏杆或其他可靠安全设施,二级重大隐患,1
↵,,,,,,,钢丝绳防护，自然下垂度超过绳长的1/20或100mm,隐患,1
↵,,,,,,,使用的索具、吊具等未经验收,违章,1
↵,,,,,,,作业人员未佩带工具袋,隐患,1
↵,,,,操作平台,,,,,
↵,,,,,一般规定,,,,
↵,,,,,,,未编制专项施工方案,严重违章,3
↵,,,,,,,专项施工方案未按规定进行审核、审批,违章,1
↵,,,,,,,专项施工方案内容不全、针对性不强，不能指导施工,违章,1
↵,,,,,,,操作平台搭设使用的材质不符合规范要求,隐患,1
↵,,,,,,,操作平台集中荷载、超载使用,二级重大隐患,1
↵,,,,,,,操作平台无限载牌、限定允许作业人数牌,隐患,1
↵,,,,,,,操作平台使用前未验收,严重违章,3
↵,,,,,,,移动操作平台时，平台上方站人,二级重大隐患,1
↵,,,,,移动式操作平台,,,,
↵,,,,,,,操作平台的组装不符合设计和规范要求,二级重大隐患,1
↵,,,,,,,操作平台轮子连接不可靠或距地面超高,隐患,1
↵,,,,,,,操作平台四周未设置防护栏杆,二级重大隐患,1
↵,,,,,,,平台台面铺板不严,隐患,1
↵,,,,,,,电梯井操作平台未使用定型化、工具式搭设,二级重大隐患,1
↵,,,,,,,电梯井操作平台插杠不符合规范要求,二级重大隐患,1
↵,,,,,落地式操作平台,,,,
↵,,,,,,,操作平台的搭设高度、荷载不符合方案和规范要求,二级重大隐患,1
↵,,,,,,,操作平台立杆、横杆间距不符合方案和规范要求,隐患,1
↵,,,,,,,操作平台与脚手架连接,二级重大隐患,1
↵,,,,,,,操作平台连墙件设置不符合要求,二级重大隐患,1
↵,,,,,悬挑式操作平台,,,,
↵,,,,,,,平台未使用定型化产品,二级重大隐患,1
↵,,,,,,,平台未与建筑物固定,一级重大隐患,3
↵,,,,,,,悬挑梁与脚手架接触,二级重大隐患,1
↵,,,,,,,悬挑梁未锚固或锚固不符合规范要求,二级重大隐患,1
↵,,,,,,,保险钢丝绳未张紧受力,二级重大隐患,1
↵,,,,,,,钢丝绳吊点设置不符合规范要求,二级重大隐患,1
↵,,,,,,,平台钢丝绳或钢拉杆设置不符合规范要求,二级重大隐患,1
↵,,,,,,,平台外侧低于内侧,隐患,1
↵,,,,,,,平台面板铺设不严密或与建筑物间隙铺板不严密,二级重大隐患,1
↵,,,,,,,平台临边防护设置不符合规范要求,二级重大隐患,1
↵,,,,,,,平台无限重材料单独堆放明细牌,问题,1
↵,,,,交叉作业,,,,,
↵,,,,,一般规定,,,,
↵,,,,,,,未搭设防护棚或防护不严、不牢固,二级重大隐患,1
↵,,,,,,,防护棚两侧未进行封闭,二级重大隐患,1
↵,,,,,,,防护棚顶堆放物料,隐患,1
↵,,,,,,,结构外立面未搭设水平安全网或搭设不符合规范要求,二级重大隐患,1
↵,,,,,,,水平安全网杂物过多,隐患,1
↵,,,,,安全措施,,,,
↵,,,,,,,高层建筑未采用双层防护,隐患,1
↵,,,,,,,防护棚宽度不符合规范要求,隐患,1
↵,,,,,,,防护棚高度不符合规范要求,隐患,1
↵,,,,建筑施工安全网,,,,,
↵,,,,,一般规定,,,,
↵,,,,,,,使用密目式安全网代替水平网,隐患,1
↵,,,,,安全网搭设,,,,
↵,,,,,,,安全网未按规范要求绑扎或绑扎不牢,隐患,1
↵,,,,,,,电梯井水平网支撑架强度、稳定性不符合规范要求,二级重大隐患,1
↵,,,,,,,电梯井内水平兜网设置不符合规范要求,二级重大隐患,1
↵,,,脚手架,,,,,,
↵,,,,施工方案,,,,,
↵,,,,,施工方案,,,,
↵,,,,,,,未编制专项施工方案,严重违章,3
↵,,,,,,,专项施工方案未按规定进行审核、审批,违章,1
↵,,,,,,,超过一定规模的架体未按规定组织专家论证,严重违章,3
↵,,,,,,,未进行安全技术交底,严重违章,3
↵,,,,,,,专项施工方案针对性不强，不能指导施工,严重违章,3
↵,,,,,,,专项施工方案内容不全，不能指导施工,严重违章,3
↵,,,,,,,新型及异型脚手架工程未编制专项方案,严重违章,3
↵,,,,落地式脚手架,,,,,
↵,,,,,材质,,,,
↵,,,,,,,钢管直径壁厚、材质不符合方案要求,隐患,1
↵,,,,,,,钢管弯曲、变形、锈蚀严重,隐患,1
↵,,,,,,,钢管、扣件无材质证明、检测报告,严重违章,3
↵,,,,,,,钢管、扣件未进行复试或技术性能不符合标准,严重违章,3
↵,,,,,脚手架基础,,,,
↵,,,,,,,脚手架基础不平、不实，不符合专项施工要求,二级重大隐患,1
↵,,,,,,,未采取有效排水措施,隐患,1
↵,,,,,,,使用过程中开挖脚手架基础下的设备基础或管沟未采取加固措施,二级重大隐患,1
↵,,,,,,,对搭设在楼面等建筑结构上的脚手架未对支撑架体的建筑结构进行承载力验算或当不能满足承载力要求时未采取可靠的加固措施,二级重大隐患,1
↵,,,,,,,脚手架基础未做防雷接地,二级重大隐患,1
↵,,,,,脚手架搭设,,,,
↵,,,,,,,架体底部未设置垫板或底座、设置不符合规范或方案要求,隐患,1
↵,,,,,,,架体底部未按规定要求设置扫地杆,二级重大隐患,1
↵,,,,,,,主节点处未设置纵、横向小横杆,二级重大隐患,1
↵,,,,,,,立杆、纵向水平杆、横向水平杆间距、接头位置超过设计或规范要求,二级重大隐患,1
↵,,,,,,,纵向水平杆搭接长度不足1m或固定不符合要求,隐患,1
↵,,,,,,,立杆除顶层顶部外采用搭接,隐患,1
↵,,,,,,,扣件和连接的杆件参数不匹配,隐患,1
↵,,,,,,,剪刀撑、斜撑、斜杆设置不符合规范或方案要求,二级重大隐患,1
↵,,,,,,,剪刀撑未沿脚手架高度连续设置或角度不符合规范要求,二级重大隐患,1
↵,,,,,,,剪刀撑、斜撑、斜杆的接长或与架体杆件固定不符合规范要求,二级重大隐患,1
↵,,,,,,,架体与建筑结构拉结方式或间距不符合规范和方案要求,二级重大隐患,1
↵,,,,,,,架体底层第一步纵向水平杆处未按规定设置连墙杆件或未采用其他可靠方式固定,隐患,1
↵,,,,,,,开口型脚手架的两端未设置连墙件和横向斜撑,二级重大隐患,1
↵,,,,,,,满堂脚手架架体高宽比超过规范要求未采取与结构拉接或其他可靠的稳定措施,二级重大隐患,1
↵,,,,,,,高大脚手架无卸荷措施,二级重大隐患,1
↵,,,,,,,卸荷钢丝绳未张紧受力,隐患,1
↵,,,,,,,高大脚手架卸荷钢丝绳无防剪切措施,隐患,1
↵,,,,,,,扣件紧固力矩未达到规范要求,隐患,1
↵,,,,,,,架体搭设过程中存在交叉作业,二级重大隐患,1
↵,,,,,脚手架验收与使用,,,,
↵,,,,,,,架体搭设完毕未办理验收手续,严重违章,3
↵,,,,,,,架体分段搭设、分段使用未进行分段验收,严重违章,3
↵,,,,,,,验收内容未进行量化，或未经相关责任人签字确认,问题,1
↵,,,,,,,脚手架施工荷载超过设计规定,一级重大隐患,3
↵,,,,,,,架体上固定模板支架、缆风绳、泵送混凝土和砂浆的输送管等设施，悬挂起重设备,一级重大隐患,3
↵,,,,,,,使用期间拆除纵、横向扫地杆,二级重大隐患,1
↵,,,,,,,使用期间拆除主节点处的纵、横向水平杆,二级重大隐患,1
↵,,,,,,,使用期间拆除连墙件,一级重大隐患,3
↵,,,,,,,使用期间随意拆改架体，无加固措施,一级重大隐患,3
↵,,,,,脚手架防护,,,,
↵,,,,,,,作业层无防护,二级重大隐患,1
↵,,,,,,,脚手架外侧未采用密目式安全网封闭,隐患,1
↵,,,,,,,密目网未使用专用绑绳与架体固定,隐患,1
↵,,,,,,,脚手架外侧密目式安全网漏绑、封闭不严,隐患,1
↵,,,,,,,作业层的脚手架铺板、挡脚板、密目网不齐全，脚手架上有探头板,隐患,1
↵,,,,,,,作业层脚手板下未采用安全平网兜底或作业层以下每隔10m未采用安全平网封闭,隐患,1
↵,,,,,,,安全平网封闭不严、固定不牢,二级重大隐患,1
↵,,,,,,,作业层与建筑物之间未按规定进行封闭，作业面脚手板与建筑物间隙过大,二级重大隐患,1
↵,,,,,,,作业层防护栏杆不符合规范要求,隐患,1
↵,,,,,,,作业层未设置高度不小于180mm的挡脚板,隐患,1
↵,,,,,,,使用过程中拆除或移动架体上安全防护设施,二级重大隐患,1
↵,,,,,脚手架拆除,,,,
↵,,,,,,,外架搭拆没有设置监护区域或无人监护,隐患,1
↵,,,,,,,架体拆除过程中存在交叉作业,二级重大隐患,1
↵,,,,,,,外架搭拆时无安全标志和警示牌,隐患,1
↵,,,,,,,架体拆除过程中高空抛物,二级重大隐患,1
↵,,,,,,,架体拆除作业未自上而下逐层拆除,一级重大隐患,3
↵,,,,,,,架体拆除作业时上下同时作业,一级重大隐患,3
↵,,,,,,,架体拆除作业前先将连墙件整层或数层拆除,一级重大隐患,3
↵,,,,悬挑式脚手架,,,,,
↵,,,,,材质,,,,
↵,,,,,,,钢管直径壁厚、材质不符合方案要求,隐患,1
↵,,,,,,,型钢、钢管弯曲、变形、锈蚀严重,隐患,1
↵,,,,,,,钢管、扣件无材质证明、检测报告,严重违章,3
↵,,,,,,,钢管、扣件未进行复试或技术性能不符合标准,严重违章,3
↵,,,,,,,悬挑梁未采用双轴对称截面的型钢，钢梁截面高度小于160mm,一级重大隐患,3
↵,,,,,,,U型钢筋拉环或锚固螺栓直径不小于16mm,二级重大隐患,1
↵,,,,,悬挑架搭设,,,,
↵,,,,,,,悬挑梁的固定方式不符合规范要求,一级重大隐患,3
↵,,,,,,,悬挑梁锚固位置设置在楼板上时，楼板厚度小于120mm未采取加固措施,一级重大隐患,3
↵,,,,,,,悬挑梁固定段长度小于悬挑段长度的1.25倍,隐患,1
↵,,,,,,,悬挑钢梁外端钢丝绳拉结设置不符合规范或方案要求,隐患,1
↵,,,,,,,卸荷钢丝绳未张紧受力,隐患,1
↵,,,,,,,卸荷钢丝绳无防剪切措施,隐患,1
↵,,,,,,,钢梁间距未按悬挑架体立杆纵距设置,二级重大隐患,1
↵,,,,,,,立杆底部与钢梁连接处未设置可靠固定措施,二级重大隐患,1
↵,,,,,,,悬挑架未按规定要求设置扫地杆,二级重大隐患,1
↵,,,,,,,主节点处未设置纵、横向小横杆,二级重大隐患,1
↵,,,,,,,立杆、纵向水平杆、横向水平杆间距、接头位置超过设计或规范要求,二级重大隐患,1
↵,,,,,,,纵向水平杆搭接长度不足1m或固定不符合要求,隐患,1
↵,,,,,,,立杆除顶层顶部外采用搭接,隐患,1
↵,,,,,,,扣件和连接的杆件参数不匹配,隐患,1
↵,,,,,,,剪刀撑、斜撑、斜杆设置不符合规范或方案要求,二级重大隐患,1
↵,,,,,,,剪刀撑未沿脚手架高度连续设置或角度不符合规范要求,二级重大隐患,1
↵,,,,,,,剪刀撑、斜撑、斜杆的接长或与架体杆件固定不符合规范要求,二级重大隐患,1
↵,,,,,,,架体与建筑结构拉结方式或间距不符合规范和方案要求,二级重大隐患,1
↵,,,,,,,架体底层第一步纵向水平杆处未按规定设置连墙杆件或未采用其他可靠方式固定,隐患,1
↵,,,,,,,开口型脚手架的两端未设置连墙件和横向斜撑,二级重大隐患,1
↵,,,,,,,扣件紧固力矩未达到规范要求,隐患,1
↵,,,,,,,架体搭设过程中存在交叉作业,二级重大隐患,1
↵,,,,,悬挑架验收与使用,,,,
↵,,,,,,,架体搭设完毕未办理验收手续,严重违章,3
↵,,,,,,,架体分段搭设、分段使用未进行分段验收,严重违章,3
↵,,,,,,,验收内容未进行量化，或未经相关责任人签字确认,问题,1
↵,,,,,,,脚手架施工荷载超过设计规定,一级重大隐患,3
↵,,,,,,,架体上固定模板支架、缆风绳、泵送混凝土和砂浆的输送管等设施，悬挂起重设备,一级重大隐患,3
↵,,,,,,,使用期间拆除纵、横向扫地杆,二级重大隐患,1
↵,,,,,,,使用期间拆除主节点处的纵、横向水平杆,二级重大隐患,1
↵,,,,,,,使用期间拆除连墙件,一级重大隐患,3
↵,,,,,,,使用期间随意拆改架体，无加固措施,一级重大隐患,3
↵,,,,,悬挑架防护,,,,
↵,,,,,,,悬挑梁底层未封闭或封闭不严,二级重大隐患,1
↵,,,,,,,作业层无防护,二级重大隐患,1
↵,,,,,,,脚手架外侧未采用密目式安全网或钢板网封闭,隐患,1
↵,,,,,,,密目网未使用专用绑绳与架体固定,隐患,1
↵,,,,,,,脚手架外侧密目式安全网漏绑、封闭不严,隐患,1
↵,,,,,,,作业层的脚手架铺板、挡脚板、密目网不齐全，脚手架上有探头板,隐患,1
↵,,,,,,,作业层脚手板下未采用安全平网兜底或作业层以下每隔10m未采用安全平网封闭,隐患,1
↵,,,,,,,安全平网封闭不严、固定不牢,二级重大隐患,1
↵,,,,,,,作业层与建筑物之间未按规定进行封闭，作业面脚手板与建筑物间隙过大,二级重大隐患,1
↵,,,,,,,作业层防护栏杆不符合规范要求,隐患,1
↵,,,,,,,作业层未设置高度不小于180mm的挡脚板,隐患,1
↵,,,,,,,使用过程中拆除或移动架体上安全防护设施,二级重大隐患,1
↵,,,,,悬挑架拆除,,,,
↵,,,,,,,架体拆除过程中存在交叉作业,二级重大隐患,1
↵,,,,,,,架体搭拆时无安全标志和警示牌,问题,1
↵,,,,,,,架体拆除过程中高空抛物,二级重大隐患,1
↵,,,,,,,架体拆除作业未自上而下逐层拆除,一级重大隐患,3
↵,,,,,,,架体拆除作业时上下同时作业,一级重大隐患,3
↵,,,,,,,架体拆除作业前先将连墙件整层或数层拆除,一级重大隐患,3
↵,,,,附着式脚手架,,,,,
↵,,,,,材质,,,,
↵,,,,,,,主要构配件进场未进行验收,严重违章,3
↵,,,,,,,钢管直径壁厚、材质不符合方案要求,隐患,1
↵,,,,,,,钢管弯曲、变形、锈蚀严重,隐患,1
↵,,,,,,,钢管、扣件无材质证明、检测报告,严重违章,3
↵,,,,,,,钢管、扣件未进行复试或技术性能不符合标准,严重违章,3
↵,,,,,,,螺栓的规格、强度不符合设计要求,二级重大隐患,1
↵,,,,,安全装置,,,,
↵,,,,,,,未采用防坠落装置或性能不符合要求,一级重大隐患,3
↵,,,,,,,防坠落装置与升降设备未分别独立固定在建筑结构上,一级重大隐患,3
↵,,,,,,,防坠落装置未设置在竖向主框架处并与建筑附着,一级重大隐患,3
↵,,,,,,,未安装防倾覆装置或防倾覆装置不符合要求,一级重大隐患,3
↵,,,,,,,升降或使用工况，最上和最下防倾装置之间的最小间距不符合规范要求,二级重大隐患,1
↵,,,,,,,未安装同步控制装置或技术性能不符合规范要求,二级重大隐患,1
↵,,,,,架体结构,,,,
↵,,,,,,,架体高度大于5倍楼层高,二级重大隐患,1
↵,,,,,,,架体宽度大于1.2m,二级重大隐患,1
↵,,,,,,,直线布置的架体支撑跨度大于7m或折线、曲线布置的架体支撑跨度大于5.4m,二级重大隐患,1
↵,,,,,,,架体的水平悬挑长度大于2m或大于跨度1/2,二级重大隐患,1
↵,,,,,,,架体悬臂高度大于架体高度2/5或大于6m,二级重大隐患,1
↵,,,,,,,架体全高与支撑跨度的乘积大于110㎡,二级重大隐患,1
↵,,,,,附着支座,,,,
↵,,,,,,,未按竖向主框架所覆盖的每个楼层设置一道附着支座,二级重大隐患,1
↵,,,,,,,使用工况未将竖向主框架与附着支座固定,二级重大隐患,1
↵,,,,,,,升降工况未将防倾、导向装置设置在附着支座上,二级重大隐患,1
↵,,,,,,,附着支座与建筑结构连接固定方式不符合规范要求,二级重大隐患,1
↵,,,,,架体安装,,,,
↵,,,,,,,主框架及水平支承桁架的节点未采用焊接或螺栓连接,二级重大隐患,1
↵,,,,,,,各杆件轴线未交汇于节点,隐患,1
↵,,,,,,,水平支承桁架的上弦及下弦之间设置的水平支撑杆件未采用焊接或螺栓连接,二级重大隐患,1
↵,,,,,,,杆件焊接开焊或螺栓固定不牢,隐患,1
↵,,,,,,,架体立杆底端未设置在水平支承桁架上弦杆件节点处,隐患,1
↵,,,,,,,竖向主框架组装高度低于架体高度,隐患,1
↵,,,,,,,架体外立面设置的连接剪刀撑未将竖向主框架、水平支承桁架和架体构架连成一体,隐患,1
↵,,,,,架体升降,,,,
↵,,,,,,,两跨及以上架体采用手动升降设备,二级重大隐患,1
↵,,,,,,,升降工况附着支座与建筑结构连接处混凝土强度未达到设计和规范要求,二级重大隐患,1
↵,,,,,,,升降工况架体上有施工荷载或有人员停留,二级重大隐患,1
↵,,,,,管理与验收,,,,
↵,,,,,,,安装拆除单位资质不符合要求,严重违章,3
↵,,,,,,,特种作业人员未持证上岗,二级重大隐患,1
↵,,,,,,,附着式脚手架验收前未委托具有相应资质的检验检测机构进行检测,严重违章,3
↵,,,,,,,分区段安装、分区段使用未进行分区段验收,严重违章,3
↵,,,,,,,附着式升降脚手架在每次升降、使用前，未按照规范要求进行检查验收,严重违章,3
↵,,,,,,,验收内容未进行量化或未经责任人签字确认,问题,1
↵,,,,,,,附着式升降脚手架使用前未办理使用登记备案,严重违章,3
↵,,,,,,,架体提升前无检查记录,严重违章,3
↵,,,,,,,架体提升后、使用前未履行验收手续或资料不全,违章,1
↵,,,,,架体防护,,,,
↵,,,,,,,作业层无防护,二级重大隐患,1
↵,,,,,,,脚手架外侧未采用密目式安全网或钢板网封闭,隐患,1
↵,,,,,,,密目网未使用专用绑绳与架体固定,隐患,1
↵,,,,,,,脚手架外侧密目式安全网漏绑、封闭不严,隐患,1
↵,,,,,,,作业层的脚手架铺板、挡脚板、密目网不齐全，脚手架上有探头板,隐患,1
↵,,,,,,,作业层脚手板下未采用安全平网兜底或作业层以下每隔10m未采用安全平网封闭,隐患,1
↵,,,,,,,安全平网封闭不严、固定不牢,二级重大隐患,1
↵,,,,,,,作业层与建筑物之间未按规定进行封闭，作业面脚手板与建筑物间隙过大,二级重大隐患,1
↵,,,,,,,作业层防护栏杆不符合规范要求,隐患,1
↵,,,,,,,作业层未设置高度不小于180mm的挡脚板,隐患,1
↵,,,,,,,使用过程中拆除或移动架体上安全防护设施,二级重大隐患,1
↵,,,,高处作业电动吊篮,,,,,
↵,,,,,材质,,,,
↵,,,,,,,吊篮无产品合格证和产品型式检验报告,严重违章,3
↵,,,,,,,电动吊篮安全锁无检验报告、标定合格证,严重违章,3
↵,,,,,,,钢丝绳、安全绳等配件无检测报告,严重违章,3
↵,,,,,,,主结构有开焊或明显腐蚀现象,二级重大隐患,1
↵,,,,,,,配件壁厚、材质不符合要求,隐患,1
↵,,,,,,,配件弯曲、变形、锈蚀严重,隐患,1
↵,,,,,,,螺栓的规格、强度不符合设计要求,二级重大隐患,1
↵,,,,,吊篮安装与验收,,,,
↵,,,,,,,悬挂机构前支架支撑在建筑物女儿墙上或挑檐边缘,二级重大隐患,1
↵,,,,,,,前梁外伸长度不符合规定,二级重大隐患,1
↵,,,,,,,前支架与支撑面不垂直,二级重大隐患,1
↵,,,,,,,前支架调节杆未固定在上支架与悬挑梁连接的结点处,二级重大隐患,1
↵,,,,,,,上下立柱不在同一垂直线上,二级重大隐患,1
↵,,,,,,,使用破损的配重件或配重件的重量不符合规定,二级重大隐患,1
↵,,,,,,,配重件未采取防止移动措施,二级重大隐患,1
↵,,,,,,,螺栓未紧固或伸出长度不足,隐患,1
↵,,,,,,,两个支架前梁悬伸端点间距离与悬吊平台长度误差较大,隐患,1
↵,,,,,,,安全绳未独立设置在有足够强度可靠结构上,二级重大隐患,1
↵,,,,,,,安全绳、电缆线无防剪切措施,隐患,1
↵,,,,,,,工作钢丝绳与安全钢丝绳未分开设置、独立悬挂,二级重大隐患,1
↵,,,,,,,上限位止挡板使用非金属材质,隐患,1
↵,,,,,,,上限位止挡板安装位置不符合规定,隐患,1
↵,,,,,,,钢丝绳心形环脱槽、卡扣方向设置错误或末端未留安全弯,隐患,1
↵,,,,,,,安全钢丝绳未垂直绷紧或坠槌距地不足150mm,隐患,1
↵,,,,,,,行程开关与上限位止挡板不在同一安全钢丝绳上,二级重大隐患,1
↵,,,,,,,悬吊平台组装长度不符合规定,隐患,1
↵,,,,,,,悬吊平台四周防护栏或挡脚板设置不符合规范要求,隐患,1
↵,,,,,,,提升机手持下降杆丢失,隐患,1
↵,,,,,,,专用开关箱器件破损,隐患,1
↵,,,,,,,安装过程中存在交叉作业,二级重大隐患,1
↵,,,,,,,吊篮安装完成后使用前未验收,严重违章,3
↵,,,,,,,二次位移后使用前未验收,严重违章,3
↵,,,,,,,停用超过5日使用前未验收,违章,1
↵,,,,,,,未提供每日巡查记录表,问题,1
↵,,,,,吊篮使用,,,,
↵,,,,,,,吊篮使用前未经验收或作业人员未经培训发证,二级重大隐患,1
↵,,,,,,,吊篮非2人同时作业,二级重大隐患,1
↵,,,,,,,作业人员未正确使用安全防护用品,二级重大隐患,1
↵,,,,,,,自锁器使用错误或失效,二级重大隐患,1
↵,,,,,,,吊篮超载使用或作为垂直运输工具使用,二级重大隐患,1
↵,,,,,,,其他用电设备从吊篮专用开关箱内接线使用,隐患,1
↵,,,,,,,作业人员从窗口上下吊篮或悬吊平台之间跨越,二级重大隐患,1
↵,,,,,,,悬吊平台内使用梯子或其他装置登高作业,二级重大隐患,1
↵,,,,,,,吊篮停用前悬挂平台未停靠在地面,隐患,1
↵,,,,,,,安全锁失灵,二级重大隐患,1
↵,,,,,,,安全锁超过标定期限仍在使用,隐患,1
↵,,,,,,,行程开关破损或失效,二级重大隐患,1
↵,,,,,,,钢丝绳磨损、断丝、变形、锈蚀仍在使用,隐患,1
↵,,,,,,,钢丝绳上有铁丝、胶带等杂物,隐患,1
↵,,,,,,,电焊作业时，对吊篮无防护措施,隐患,1
↵,,,,,,,吊篮作业过程中，悬吊平台外侧悬挂物体,二级重大隐患,1
↵,,,,,,,吊篮施工过程中存在交叉作业,二级重大隐患,1
↵,,,,马道,,,,,
↵,,,,,材质,,,,
↵,,,,,,,钢管直径壁厚、材质不符合要求,隐患,1
↵,,,,,,,钢管弯曲、变形、锈蚀严重,隐患,1
↵,,,,,搭设与使用,,,,
↵,,,,,,,马道搭设及坡度设置不符合方案要求,隐患,1
↵,,,,,,,马道架体构造不符合脚手架规范要求,二级重大隐患,1
↵,,,,,,,马道搭设防护设施不齐全,隐患,1
↵,,,,,,,防滑条设置不符合规范要求,隐患,1
↵,,,,,,,悬挂步梯立杆未落地前投入使用,二级重大隐患,1
↵,,,,外脚手架,,,,,
↵,,,,,,,未采用密目网进行封闭,隐患,1
↵,,,,,,,密目网封闭不严、连接不牢,隐患,1
↵,,,,,,,密目安全网未按规定进行定期清理,隐患,1
↵,,,起重设备,,,,,,
↵,,,,塔式起重机,,,,,
↵,,,,,施工方案,,,,
↵,,,,,,,未编制塔式起重机安拆专项施工方案,严重违章,3
↵,,,,,,,专项施工方案未按规定进行审核、审批,违章,1
↵,,,,,,,未编制建筑起重机械生产安全事故应急救援预案,违章,1
↵,,,,,,,专项施工方案针对性不强，不能指导施工,违章,1
↵,,,,,,,未编制建筑起重机械安装、拆卸工程生产安全事故应急救援预案,违章,1
↵,,,,,,,专项安拆预案未按规定进行审核、审批,违章,1
↵,,,,,,,"超过一定规模的危险性↵较大的分部分项工程的安全专项施工方案未通过专家论证",严重违章,3
↵,,,,,,,施工总承包单位未负责组织编写群塔作业方案,严重违章,3
↵,,,,,,,群塔作业方案未按规定进行审核、审批,违章,1
↵,,,,,,,群塔作业专项施工方案针对性不强，缺平面图、立面图,违章,1
↵,,,,,,,未编制塔式起重机锚固专项施工方案,严重违章,3
↵,,,,,荷载限制装置,,,,
↵,,,,,,,无力矩限制器或失效，不灵敏,一级重大隐患,3
↵,,,,,,,无起重量限制器或失效，不灵敏,一级重大隐患,3
↵,,,,,行程限位装置,,,,
↵,,,,,,,未安装起升高度限位器或失效，不灵敏,二级重大隐患,1
↵,,,,,,,起重高度限位器安全越程不符合要求,二级重大隐患,1
↵,,,,,,,小车变幅的塔式起重机未安装小车行程开关或失效，不灵敏,二级重大隐患,1
↵,,,,,,,动臂变幅的塔式起重机未安装臂架幅度限制开关或失效，不灵敏,二级重大隐患,1
↵,,,,,,,回转部分不设集电器的塔式起重机未安装回转限位器或失效，不灵敏,二级重大隐患,1
↵,,,,,,,行走式塔式起重机未安装行走限位器或失效，不灵敏,二级重大隐患,1
↵,,,,,保护装置,,,,
↵,,,,,,,小车变幅的塔式起重机未安装断绳保护及断轴保护装置或不符合规范要求,二级重大隐患,1
↵,,,,,,,行走及小车变幅的轨道行程末端未安装缓冲器及止挡装置或不符合规范要求,二级重大隐患,1
↵,,,,,,,起重臂根部绞点高度大于50m的塔式起重机未安装风速仪或不灵敏,隐患,1
↵,,,,,,,塔式起重机顶部高度大于30m且高于周围建筑物时，未安装障碍指示灯或不符合规范要求,隐患,1
↵,,,,,吊钩、滑轮、卷筒与钢丝绳,,,,
↵,,,,,,,吊钩无防脱钩保险装置,隐患,1
↵,,,,,,,吊钩磨损，变形达到报废标准,二级重大隐患,1
↵,,,,,,,滑轮、卷筒未安装钢丝绳防脱装置或不完整可靠,隐患,1
↵,,,,,,,滑轮、卷筒的磨损达到报废标准,二级重大隐患,1
↵,,,,,,,钢丝绳在卷筒上排列不整齐,隐患,1
↵,,,,,,,钢丝绳在放出最大工作长度后，卷筒上的钢丝绳未至少保留3圈。,隐患,1
↵,,,,,,,钢丝绳的磨损、变形、锈蚀达到报废标准,二级重大隐患,1
↵,,,,,,,钢丝绳的规格、固定、缠绕不符合说明书及规范要求,二级重大隐患,1
↵,,,,,多塔作业,,,,
↵,,,,,,,两台以上塔吊作业无防碰撞措施,严重违章,3
↵,,,,,,,防碰撞措施不符合要求,一级重大隐患,3
↵,,,,,,,任意两台塔式起重机之间的最小架设距离不符合规范要求,一级重大隐患,3
↵,,,,,附着,,,,
↵,,,,,,,塔式起重机高度超过规定未附着或附着间距、附着点以上自由高度超过规定要求,一级重大隐患,3
↵,,,,,,,附着装置水平距离不满足产品说明书要求，未进行设计计算和审批,严重违章,3
↵,,,,,,,内爬式塔式起重机的建筑承载结构未进行承载力验算,严重违章,3
↵,,,,,,,附着装置安装不符合产品说明书、方案或规范要求,二级重大隐患,1
↵,,,,,,,附着装置的构件和预埋件由非原制造厂或非相应能力的企业制作,二级重大隐患,1
↵,,,,,基础与轨道,,,,
↵,,,,,,,基础制作、验收不符合说明书及规范要求,一级重大隐患,3
↵,,,,,,,基础的承载力和平整度不符合规范要求,一级重大隐患,3
↵,,,,,,,基础挡土墙未采用圆形设计，无构造措施,一级重大隐患,3
↵,,,,,,,基础周边未设置排水设施,隐患,1
↵,,,,,,,基础积水,隐患,1
↵,,,,,,,预制塔机基础施工不符合设计及技术标准要求,一级重大隐患,3
↵,,,,,,,轨道铺设不符合产品说明书及规范要求,二级重大隐患,1
↵,,,,,,,安装塔式起重机时，基础混凝土未达到强度要求,一级重大隐患,3
↵,,,,,,,基础基坑周围缺安全防护措施,隐患,1
↵,,,,,,,基础杂物多，上塔通道不畅,隐患,1
↵,,,,,,,无操作规程、负责人标牌、使用登记标识,隐患,1
↵,,,,,,,每月或连续大雨后，未及时对轨道基础或混凝土进行全面检查，未填写基础不均匀的沉降记录,违章,1
↵,,,,,结构设施,,,,
↵,,,,,,,主要构件变形、锈蚀、开裂、开焊不符合要求,一级重大隐患,3
↵,,,,,,,平台、走道、梯子、护栏的设置不符合规范要求,二级重大隐患,1
↵,,,,,,,上人爬梯无护圈或护圈不符合要求,二级重大隐患,1
↵,,,,,,,螺栓、销轴、紧固件的连接、紧固不符合规范要求,一级重大隐患,3
↵,,,,,,,爬梯缺少休息平台或休息平台设置不符合规范要求,隐患,1
↵,,,,,,,部件、附件、联结件安装不齐全，位置不正确,二级重大隐患,1
↵,,,,,,,使用非原制造厂制造的标准节,一级重大隐患,3
↵,,,,,,,塔身垂直度超过允许范围，未按要求填写垂直度检查记录,二级重大隐患,1
↵,,,,,电气安全,,,,
↵,,,,,,,未采用TN-S接零保护系统供电,二级重大隐患,1
↵,,,,,,,塔式起重机与架空线路小于安全距离未采取绝缘隔离防护措施,二级重大隐患,1
↵,,,,,,,绝缘隔离防护措施不符合要求，未设置警示标志,问题,1
↵,,,,,,,未设置避雷接地装置,二级重大隐患,1
↵,,,,,,,避雷接地装置不符合规范要求,二级重大隐患,1
↵,,,,,,,未对避雷装置进行定期的检查并做好记录,隐患,1
↵,,,,,,,电缆的使用及固定不符合规范要求,二级重大隐患,1
↵,,,,,,,电缆卸荷不符合要求,隐患,1
↵,,,,,,,塔式起重机专用配电箱未做重复接地,隐患,1
↵,,,,,安拆、验收与使用,,,,
↵,,,,,,,安装、拆卸单位不具有起重设备安装工程专业承包资质和安全生产许可证,严重违章,3
↵,,,,,,,安装、拆卸单位专业承包资质等级与所安装设备需要的资质等级不符,严重违章,3
↵,,,,,,,安装完毕未履行验收程序，验收表格责任人未签字,严重违章,3
↵,,,,,,,锚固完毕未履行验收程序，验收表格责任人未签字,严重违章,3
↵,,,,,,,未按规定办理起重机械安装、拆卸告知、验收核查、使用登记手续,严重违章,3
↵,,,,,,,在施工中选择未备案或信用评价等级为“无星级”租赁企业的塔式起重机,严重违章,3
↵,,,,,,,租赁单位未取得营业执照、塔式起重机无备案登记编号,严重违章,3
↵,,,,,,,起重机械超过使用年限未按规定进行评估,严重违章,3
↵,,,,,,,安拆，顶升、附着过程中违章作业,二级重大隐患,1
↵,,,,,,,塔式起重机作业前未按规定进行例行检查，未填写检查记录,违章,1
↵,,,,,,,安装、拆卸作业人员及司机，信号指挥无证上岗,二级重大隐患,1
↵,,,,,,,作业人员及司机未随身携带证件,隐患,1
↵,,,,,,,未对作业人员进行安全技术交底,严重违章,3
↵,,,,,,,交底针对性不强，签字不齐,违章,1
↵,,,,,,,实行多班作业、未按规定填写交接班记录,违章,1
↵,,,,,,,塔式起重机未实施各级保养，未填写维修保养记录,违章,1
↵,,,,,,,属国家明令淘汰或者禁止使用,严重违章,3
↵,,,,,,,超过安全技术标准或者制造厂家规定的使用年限,一级重大隐患,3
↵,,,,,,,经检验达不到安全技术标准规定,一级重大隐患,3
↵,,,,,,,没有完整安全技术档案,违章,1
↵,,,,,,,没有齐全有效的安全保护装置,一级重大隐患,3
↵,,,,,,,未对在用的建筑起重机械进行定期的检查并做好记录,违章,1
↵,,,,,,,不同施工阶段、周围环境以及季节、气候的变化，未对建筑起重机械采取相应的安全防护措施,隐患,1
↵,,,,,,,超过规定载质量使用,二级重大隐患,1
↵,,,,,,,未按操作规程作业，司机违反“十不吊”,二级重大隐患,1
↵,,,,,,,未设置安装或拆除警戒区域,隐患,1
↵,,,,,,,恶劣天气或夜间进行安装、顶升、拆除等作业,二级重大隐患,1
↵,,,,,,,未按安拆专项方案作业,严重违章,3
↵,,,,,,,未指定专职安全生产管理人员监督检查建筑起重机械安装、拆卸、使用情况，未填写旁站记录,违章,1
↵,,,,,,,未按规定进行载荷实验,二级重大隐患,1
↵,,,,,,,塔式起重机塔身上悬挂标语、广告等,问题,1
↵,,,,,,,司机离开未对塔式起重机断电上锁,隐患,1
↵,,,,,,,未留存使用说明书,问题,1
↵,,,,,,,安装单位的专业技术人员、专职安全生产管理人员未进行现场监督，未填写旁站记录,隐患,1
↵,,,,,,,未与安装单位签订塔式起重机安装、拆卸合同,严重违章,3
↵,,,,,,,未签订建筑起重机械安装、拆卸工程安全协议书,严重违章,3
↵,,,,,,,未签订建筑起重机械租赁合同或合同中未明确租赁双方的安全责任,严重违章,3
↵,,,,,,,塔式起重机与周围建筑物安全距离不足,二级重大隐患,1
↵,,,,,,,无租赁单位、承租双方共同对塔式起重机组和信号工交底,严重违章,3
↵,,,,,,,未设置非塔司专业人员防攀爬装置,违章,1
↵,,,,,,,无安装自检、顶升、附着锚固验收记录,严重违章,3
↵,,,,,,,未填写起重机械验收核查表，验收表未经责任人签字,严重违章,3
↵,,,,,,,基础预埋件无合格证明和基础验收资料不齐全,违章,1
↵,,,,,,,安装后无检测合格证明已运行使用,严重违章,3
↵,,,,,,,检测报告不合格项无整改报告,问题,1
↵,,,,,,,塔式起重机停用6个月以上的，复工前未进行检测、验收,违章,1
↵,,,,,,,塔式起重机安装验收后使用超过12个月的，未重新进行检测,严重违章,3
↵,,,,,,,安装作业汽车式起重机无有效检测报告,违章,1
↵,,,,,,,无机械操作人员、起重吊装人员操作证复印件,违章,1
↵,,,,,,,操作证复印件过期，无年审盖章记录,问题,1
↵,,,,,,,未建立操作人员花名册,问题,1
↵,,,,,,,留存操作证复印件不全或配备人员不足,问题,1
↵,,,,,,,未按规定填写运转记录,问题,1
↵,,,,,,,安装、拆卸作业过程中，只安装或保留一个臂就中断作业,一级重大隐患,3
↵,,,,,,,未按规定配备设备管理员,违章,1
↵,,,,,,,设备管理员无相关资格或缺乏专业知识,问题,1
↵,,,,,,,无设备管理适用标准规范和安全操作规程,问题,1
↵,,,,,,,缺操作人员培训教育试卷,违章,1
↵,,,,,,,培训教育试卷缺日期、缺分数、代笔等不规范现象,违章,1
↵,,,,物料提升机,,,,,
↵,,,,,施工方案,,,,
↵,,,,,,,未编制物料提升机安拆专项施工方案,严重违章,3
↵,,,,,,,专项施工方案未按规定进行审核、审批,违章,1
↵,,,,,,,未编制建筑起重机械生产安全事故应急救援预案,违章,1
↵,,,,,,,专项施工方案针对性不强，不能指导施工,违章,1
↵,,,,,,,未编制建筑起重机械安装、拆卸工程生产安全事故应急救援预案,违章,1
↵,,,,,,,专项安拆预案未按规定进行审核、审批,违章,1
↵,,,,,安全装置,,,,
↵,,,,,,,未安装起重量限制器、防坠安全器或失效、不灵敏,二级重大隐患,1
↵,,,,,,,停层装置不符合要求,二级重大隐患,1
↵,,,,,,,未安装上行程限位或限位失效、不灵敏,二级重大隐患,1
↵,,,,,,,未安装下行程限位或限位失效、不灵敏,二级重大隐患,1
↵,,,,,,,未安装缓冲止挡装置,隐患,1
↵,,,,,,,安全越程不符合规范要求,二级重大隐患,1
↵,,,,,,,高度超过30m，未安装渐进式防坠器、自动停层、语音及影像信号监控装置,二级重大隐患,1
↵,,,,,附墙架与缆风绳,,,,
↵,,,,,,,架体搭设不符合设计及规范要求,二级重大隐患,1
↵,,,,,,,附墙架未与建筑结构连接或附墙架与脚手架连接,二级重大隐患,1
↵,,,,,,,附墙架的位置不符合规范要求,隐患,1
↵,,,,,,,附墙架的连接不牢固,二级重大隐患,1
↵,,,,,,,附墙架的材质不符合规范要求,二级重大隐患,1
↵,,,,,,,缆风绳设置不符合要求,二级重大隐患,1
↵,,,,,,,地锚（预埋件）不符合规范要求,隐患,1
↵,,,,,,,缆风绳设置数量、位置不符合说明书要求,隐患,1
↵,,,,,,,缆风绳未使用钢丝绳或未与地锚连接,二级重大隐患,1
↵,,,,,,,缆风绳钢丝绳直径小于8mm,隐患,1
↵,,,,,,,附墙架结构、材质、间距不符合规范要求,二级重大隐患,1
↵,,,,,,,安装高度30m的物料提升机未使用缆风绳,二级重大隐患,1
↵,,,,,防护设施,,,,
↵,,,,,,,吊笼无停靠装置,二级重大隐患,1
↵,,,,,,,吊笼停靠装置未形成定型化,隐患,1
↵,,,,,,,吊笼进出料口无安全门,隐患,1
↵,,,,,,,吊笼进出料口安全门未形成定型化,隐患,1
↵,,,,,,,停层平台两侧无防护栏杆、挡脚板或防护不严,隐患,1
↵,,,,,,,停层平台设置不符合规范要求,二级重大隐患,1
↵,,,,,,,停层平台无防护门或防护门不起作用,二级重大隐患,1
↵,,,,,,,停层平台防护门未形成定型化标准化工具化,隐患,1
↵,,,,,,,停层平台门安装不符合规范要求,隐患,1
↵,,,,,,,地面进料口无防护棚或不符合规范要求,二级重大隐患,1
↵,,,,,,,未设置防护围栏或设置不符合规范要求,二级重大隐患,1
↵,,,,,,,卷扬机未设置操作棚,隐患,1
↵,,,,,,,卷扬机操作棚强度、操作空间不符合规范要求,隐患,1
↵,,,,,钢丝绳,,,,
↵,,,,,,,钢丝绳磨损、变形、锈蚀达到报废标准,二级重大隐患,1
↵,,,,,,,钢丝绳的规格、固定、缠绕不符合说明书及规范要求,二级重大隐患,1
↵,,,,,,,钢丝绳夹设置不符合规范要求,隐患,1
↵,,,,,,,吊笼处于最低位置，卷筒上钢丝绳少于3圈,二级重大隐患,1
↵,,,,,,,未设置钢丝绳过路保护或钢丝绳拖地,隐患,1
↵,,,,,,,钢丝绳在卷筒上排列不齐,隐患,1
↵,,,,,,,钢丝绳缺少润滑,隐患,1
↵,,,,,基础与导轨架,,,,
↵,,,,,,,基础的承载力和平整度不符合规范要求,二级重大隐患,1
↵,,,,,,,导轨架垂直度偏差超过规范要求，未按要求填写垂直度检查记录,二级重大隐患,1
↵,,,,,,,井架停层平台通道处未进行结构加强,二级重大隐患,1
↵,,,,,,,架体与吊笼间隙超过规范要求,隐患,1
↵,,,,,,,基础周边未设置排水设施,隐患,1
↵,,,,,,,导轨架连接螺栓不符合规范要求,二级重大隐患,1
↵,,,,,动力与传动,,,,
↵,,,,,,,卷扬机、曳引机安装不牢固,二级重大隐患,1
↵,,,,,,,卷筒与导轨架底部导向轮的距离小于20倍卷筒宽度，未设置排绳器,隐患,1
↵,,,,,,,滑轮与导轨架、吊笼未采用刚性连接,二级重大隐患,1
↵,,,,,,,滑轮与钢丝绳不匹配,二级重大隐患,1
↵,,,,,,,卷筒、滑轮未设置防止钢丝绳脱出装置,隐患,1
↵,,,,,,,曳引钢丝绳为2根及以上时，未设置曳引力平衡装置,二级重大隐患,1
↵,,,,,电气安全与避雷设施,,,,
↵,,,,,,,外电线路与起重机械的安全距离不符合规范要求，未采取绝缘隔离防护措施,二级重大隐患,1
↵,,,,,,,绝缘隔离防护措施不符合规范要求，未悬挂明显的警示标志,隐患,1
↵,,,,,,,防雷保护范围以外未设置避雷装置,二级重大隐患,1
↵,,,,,,,避雷装置不符合规范要求,隐患,1
↵,,,,,,,未对避雷装置进行定期的检查并做好记录,违章,1
↵,,,,,通信装置,,,,
↵,,,,,,,未按规范要求设置通信装置,隐患,1
↵,,,,,,,通信装置不具有语音和影像显示功能,隐患,1
↵,,,,,安拆、验收与使用,,,,
↵,,,,,,,安装、拆卸单位不具有起重设备安装工程专业承包资质和安全生产许可证,一级重大隐患,3
↵,,,,,,,安装完毕未履行验收程序，未办理使用登记手续、验收表格责任人未签字,严重违章,3
↵,,,,,,,安装、拆卸作业人员及司机无证上岗,二级重大隐患,1
↵,,,,,,,未进行安全技术交底,严重违章,3
↵,,,,,,,作业人员及司机未随身携带证件,问题,1
↵,,,,,,,作业前未按规定进行例行检查，未填写检查记录,违章,1
↵,,,,,,,实行多班作业、未按规定填写交接班记录,违章,1
↵,,,,,,,未按规定进行日常保养、定期保养、未填写维修保养记录,严重违章,3
↵,,,,,,,属国家明令淘汰或者禁止使用,二级重大隐患,1
↵,,,,,,,超过安全技术标准或者制造厂家规定的使用年限,二级重大隐患,1
↵,,,,,,,经检验达不到安全技术标准规定,二级重大隐患,1
↵,,,,,,,没有完整安全技术档案,严重违章,3
↵,,,,,,,没有齐全有效的安全保护装置,二级重大隐患,1
↵,,,,,,,未对在用的建筑起重机械进行定期的检查并做好记录,严重违章,3
↵,,,,,,,不同施工阶段、周围环境以及季节、气候的变化，未对建筑起重机械采取相应的安全防护措施,隐患,1
↵,,,,,,,超过规定载质量使用、违章乘人,二级重大隐患,1
↵,,,,,,,未按操作规程作业,二级重大隐患,1
↵,,,,,,,堆载不平衡,隐患,1
↵,,,,,,,未设置安装或拆除警戒区域,隐患,1
↵,,,,,,,安装非原制造厂制造的标准节和附着装置,一级重大隐患,3
↵,,,,,,,恶劣天气或夜间进行安装、拆除作业,二级重大隐患,1
↵,,,,,,,未按安拆专项方案作业,二级重大隐患,1
↵,,,,,,,未指定专职安全生产管理人员监督检查建筑起重机械安装、拆卸、使用情况，并填写旁站记录。,严重违章,3
↵,,,,,,,结构有变形、开焊、裂纹、破损等问题,二级重大隐患,1
↵,,,,,,,运行范围内有障碍,二级重大隐患,1
↵,,,,,,,未留存使用说明书,问题,1
↵,,,,,,,安装单位的专业技术人员、专职安全生产管理人员未进行现场监督，未填写旁站记录,违章,1
↵,,,,,,,未与安装单位签订物料提升机安装、拆卸合同,严重违章,3
↵,,,,,,,未签订建筑起重机械安装、拆卸工程安全协议书,严重违章,3
↵,,,,,,,未签订建筑起重机械租赁合同或合同中未明确租赁双方的安全责任,严重违章,3
↵,,,,起重吊装,,,,,
↵,,,,,施工方案,,,,
↵,,,,,,,起重吊装作业未编制专项施工方案，未按规定进行审核、审批,违章,1
↵,,,,,,,专项施工方案针对性不强，不能指导施工,违章,1
↵,,,,,,,超规模的起重吊装作业，未组织专家对专项施工方案进行论证,严重违章,3
↵,,,,,,,未编制建筑起重机械生产安全事故应急救援预案,严重违章,3
↵,,,,,起重机械,,,,
↵,,,,,,,起重吊装或吊运作业用起重设备未经验收合格进行使用,严重违章,3
↵,,,,,,,汽车式起重机等流动式起重机械安全装置不齐全有效,二级重大隐患,1
↵,,,,,,,门式桥式起重机起重量限制器、起升高度限位、行程限位、制动器等安全保护与防护装置不齐全有效,二级重大隐患,1
↵,,,,,,,起重机超过法定检测有效期,二级重大隐患,1
↵,,,,,,,安装、拆卸塔式起重机的流动式起重机械未进行验收,严重违章,3
↵,,,,,,,起重机械铭牌、警示标示不齐全,隐患,1
↵,,,,,,,起重拔杆组装不符合设计要求,二级重大隐患,1
↵,,,,,,,起重拔杆组装后未进行验收，责任人未签字确认,问题,1
↵,,,,,,,起重拔杆的缆风绳、地锚设置不符合设计要求,二级重大隐患,1
↵,,,,,钢丝绳,,,,
↵,,,,,,,钢丝绳的磨损、断丝、变形、锈蚀达到报废标准,二级重大隐患,1
↵,,,,,,,钢丝绳规格、固定、缠绕不符合产品说明书及规范要求,二级重大隐患,1
↵,,,,,,,"钢丝↵绳在放出最大工作长度后，卷筒上的钢丝绳未至少保留3↵圈。",隐患,1
↵,,,,,,,钢丝绳在卷筒上排列不整齐，,隐患,1
↵,,,,,吊钩，卷筒，滑轮,,,,
↵,,,,,,,吊钩磨损，变形达到报废标准,二级重大隐患,1
↵,,,,,,,卷筒、滑轮磨损达到报废标准,二级重大隐患,1
↵,,,,,,,吊钩、卷筒、滑轮应安装钢丝绳防脱装置或不符合规范要求,隐患,1
↵,,,,,,,滑轮不符合规定或使用开口滑轮,隐患,1
↵,,,,,索具,,,,
↵,,,,,,,索具使用不合理、绳径倍数不够,隐患,1
↵,,,,,,,索具采用编结连接时，编结部分的长度不符合规范要求,隐患,1
↵,,,,,,,索具采用绳夹连接时，绳夹的规格、数量及绳夹间距不符合规范要求,隐患,1
↵,,,,,,,索具安全系数不符合规范要求,二级重大隐患,1
↵,,,,,,,吊索规格不匹配或机械性能不符合设计要求,二级重大隐患,1
↵,,,,,,,吊具与索具未进行定期检查，未做好记录,问题,1
↵,,,,,作业环境,,,,
↵,,,,,,,起重机行走、作业处地面承载能力不符合产品说明书要求或未采用有效加固措施,二级重大隐患,1
↵,,,,,,,起重机与架空线路安全距离不符合规范要求，未采取绝缘隔离防护措施,二级重大隐患,1
↵,,,,,,,被吊物安全距离不符合规定要求,隐患,1
↵,,,,,,,起重吊装作业未设置警戒区域,隐患,1
↵,,,,,,,警戒区未设专人监护,隐患,1
↵,,,,,,,人员集中作业场所未做好防护措施,二级重大隐患,1
↵,,,,,作业人员,,,,
↵,,,,,,,起重作业人员无证上岗,二级重大隐患,1
↵,,,,,,,起重机作业未设专职信号指挥和司索人员，信号指挥同时兼顾司索作业,隐患,1
↵,,,,,,,信号指挥人员未携带有效证件上岗作业,隐患,1
↵,,,,,,,信号指挥人员无明显标识,隐患,1
↵,,,,,,,作业前未按规定进行技术交底，无交底记录,严重违章,3
↵,,,,,吊装作业,,,,
↵,,,,,,,多台起重机同时起吊一个构件时，单台起重机所承受的荷载不符合专项施工方案要求,二级重大隐患,1
↵,,,,,,,吊索系挂点不符合专项施工方案要求,二级重大隐患,1
↵,,,,,,,起重机作业时，起重臂下方有人员停留，被吊物从人的正上方通过,二级重大隐患,1
↵,,,,,,,起重机违章吊运人员,二级重大隐患,1
↵,,,,,,,吊运易散落物件时，未使用专用吊笼,二级重大隐患,1
↵,,,,,,,专用吊笼吊耳采用螺纹钢焊接，吊笼制作不符合规范要求,二级重大隐患,1
↵,,,,,,,高处作业人员未按规定系好安全带,隐患,1
↵,,,,,,,作业人员未按规定戴好安全帽,隐患,1
↵,,,,,,,未按规定设置高处作业平台，作业人员无可靠立足点，安全操作空间和距离不足,隐患,1
↵,,,,,,,高处作业平台设置不符合规范要求,隐患,1
↵,,,,,,,未按规定设置爬梯或爬梯的强度、构造不符合规范要求,二级重大隐患,1
↵,,,,,,,未设置可靠的安全带悬挂点，安全带未高挂低用,隐患,1
↵,,,,,,,构件码放荷载超过作业面承载能力,二级重大隐患,1
↵,,,,,,,构件码放高度超过规定要求,隐患,1
↵,,,,,,,大型构件码放无稳定措施,二级重大隐患,1
↵,,,,,,,违反十不吊等安全操作规程,二级重大隐患,1
↵,,,,,,,吊索与吊物棱角之间无防护措施,隐患,1
↵,,,,,,,物件起吊时未绑扎牢固，在吊物上堆放或悬挂其它物件,隐患,1
↵,,,,,,,钢丝绳与物件的夹角不符合规范要求,隐患,1
↵,,,,,,,吊运过程中吊机与吊物及索具未使用卡环连接，未保证销轴和环底受力,隐患,1
↵,,,,,,,吊运过程中吊索缠绕在一起,隐患,1
↵,,,,流动式起重机,,,,,
↵,,,,,施工方案,,,,
↵,,,,,,,起重吊装作业未编制流动式起重机吊装施工方案，未按规定进行审核、审批,违章,1
↵,,,,,,,施工方案针对性不强，不能指导施工,违章,1
↵,,,,,,,超规模的起重吊装作业，未组织专家对施工方案进行论证,严重违章,3
↵,,,,,,,未编制建筑起重机械生产安全事故应急救援预案,违章,1
↵,,,,,整机,,,,
↵,,,,,,,各总成、零部件、附件及附属装置缺失，不完整,二级重大隐患,1
↵,,,,,,,灯光、信号、标志，仪表缺失或失效、不符合说明书规定,隐患,1
↵,,,,,,,金属结构件螺栓或铆钉连接松动，缺件、损坏,隐患,1
↵,,,,,安全装置,,,,
↵,,,,,,,起重机报警装置不灵敏可靠,二级重大隐患,1
↵,,,,,,,起重机力矩限制器缺失或不灵敏可靠,二级重大隐患,1
↵,,,,,,,起重机重量限制器缺失或不灵敏可靠,二级重大隐患,1
↵,,,,,,,外露的传动部件未安装防护罩或防护罩安装不牢靠；,隐患,1
↵,,,,,,,起重机幅度限位和防止起重臂后倾装置缺失或工作不可靠,二级重大隐患,1
↵,,,,,,,变幅指示器各限位装置缺失或不灵敏可靠,隐患,1
↵,,,,,钢丝绳与吊钩,,,,
↵,,,,,,,钢丝绳的磨损、断丝、变形、锈蚀达到报废标准,二级重大隐患,1
↵,,,,,,,钢丝绳规格、固定、缠绕不符合产品说明书及规范要求,二级重大隐患,1
↵,,,,,,,吊钩未安装钢丝绳防脱装置或不符合规范要求,隐患,1
↵,,,,,,,吊钩磨损，变形达到报废标准,二级重大隐患,1
↵,,,,,卷筒与滑轮,,,,
↵,,,,,,,钢丝绳在卷筒上排列不整齐，固定不可靠,隐患,1
↵,,,,,,,钢丝绳达到最大出绳量时，在卷筒上未保留3圈以上,隐患,1
↵,,,,,,,滑轮、卷筒未安装钢丝绳防脱装置或不完整可靠,隐患,1
↵,,,,,制动机构,,,,
↵,,,,,,,制动轮的摩擦面，有妨碍制动性能的缺陷或油污,一级重大隐患,3
↵,,,,,,,制动片与制动轮之间的接触面不均匀，间隙调整不适宜，制动不平稳可靠,二级重大隐患,1
↵,,,,,,,制动器无防雨罩,隐患,1
↵,,,,,作业环境,,,,
↵,,,,,,,起重机行走、作业处地面承载能力不符合产品说明书要求或未采用有效加固措施,一级重大隐患,3
↵,,,,,,,起重机与架空线路安全距离不符合规范要求,二级重大隐患,1
↵,,,,,,,被吊物安全距离不符合规定要求,隐患,1
↵,,,,,,,起重吊装作业未设置警戒区域,隐患,1
↵,,,,,,,警戒区未设专人监护,隐患,1
↵,,,,,,,起重机支腿未完全伸展，未支在坚实的地面，支腿下方有孔洞,一级重大隐患,3
↵,,,,,作业人员,,,,
↵,,,,,,,起重机司机，信号指挥人员无证上岗,二级重大隐患,1
↵,,,,,,,起重机作业未设专职信号指挥和司索人员，信号指挥同时兼顾司索作业,隐患,1
↵,,,,,,,起重机司机、信号指挥人员未携带有效证件上岗作业,隐患,1
↵,,,,,,,信号指挥人员无明显标识,隐患,1
↵,,,,,,,作业人员未按规定穿戴安全防护用品,二级重大隐患,1
↵,,,,,,,作业前未按规定对作业人员进行教育，考核和技术交底,严重违章,3
↵,,,,,验收与使用,,,,
↵,,,,,,,起重机进场未履行验收程序，验收表格责任人未签字,问题,1
↵,,,,,,,未在起重机明显位置张贴验收合格标志和安全操作规程,问题,1
↵,,,,,,,属国家明令淘汰或者禁止使用,一级重大隐患,3
↵,,,,,,,超过安全技术标准或者制造厂家规定的使用年限,一级重大隐患,3
↵,,,,,,,经检验达不到安全技术标准规定,一级重大隐患,3
↵,,,,,,,没有完整安全技术档案,违章,1
↵,,,,,,,没有齐全有效的安全保护装置,一级重大隐患,3
↵,,,,,,,未按流动式起重机吊装施工方案作业,严重违章,3
↵,,,,,,,违反安全操作规程,二级重大隐患,1
↵,,,,,,,未留存产品质量合格证明，行驶证，检验报告，保险证明，操作证书，使用说明书等资料或相关资料过期失效,严重违章,3
↵,,,,,,,起重机尾气排放不符合国家有关标准规定,二级重大隐患,1
↵,,,,,,,租赁双方未签订租赁合同及安全管理协议,二级重大隐患,1
↵,,,,,,,租赁单位无营业执照,严重违章,3
↵,,,,,,,劳务分包单位企业租赁起重机用于现场施工,隐患,1
↵,,,,,,,未实施各级保养，未填写维修保养记录,违章,1
↵,,,,,,,未对在用的建筑起重机械进行定期的检查并做好记录,违章,1
↵,,模板,,,,,,,
↵,,,施工方案,,,,,,
↵,,,,,,,未按规定编制专项施工方案或结构设计未经设计计算,严重违章,3
↵,,,,,,,专项施工方案未按规定审核、审批,违章,1
↵,,,,,,,超过一定规模的模板支撑体系，专项施工方案未按规定组织专家论证,严重违章,3
↵,,,,,,,施工方案内容不全、针对性不强，不能指导施工,违章,1
↵,,,,,,,施工前未进行安全技术交底或无交底记录,违章,1
↵,,,支架、模板材质,,,,,,
↵,,,,,,,杆件弯曲、变形、锈蚀严重,隐患,1
↵,,,,,,,木料破损、变形严重,隐患,1
↵,,,,,,,构配件材质、壁厚不符合方案要求,隐患,1
↵,,,,,,,木料规格型号不符合方案要求,隐患,1
↵,,,模板制作,,,,,,
↵,,,,,,,单块木模面积超过16㎡，吊环不符合规范要求,二级重大隐患,1
↵,,,,,,," 锯末、刨花等易燃物未及时清理 ",隐患,1
↵,,,,,,," 作业工人在加工区吸烟 ",隐患,1
↵,,,模板吊运,,,,,,
↵,,,,,,," 模板运输车辆运行时车厢内载人 ",隐患,1
↵,,,,,,," 运输大体积或超长物料时，捆扎不牢固或超高 ",二级重大隐患,1
↵,,,模板铺设,,,,,,
↵,,,,,,," 操作面脚手板未满铺、未固定 ",隐患,1
↵,,,,,,," 操作面无护身栏杆 ",二级重大隐患,1
↵,,,,,,," 操作面无挡脚板 ",隐患,1
↵,,,,,,," 操作面坠落高度超2m，下方未按规定设水平安全网 ",二级重大隐患,1
↵,,,,,,," 作业面孔洞无防护措施 ",二级重大隐患,1
↵,,,,,,," 操作人员攀爬模板支撑上下操作面 ",隐患,1
↵,,,,,,," 模板拼装时，操作架支设不稳固 ",二级重大隐患,1
↵,,,模板存放,,,,,,
↵,,,,,,," 作业平台集中堆放物料 ",二级重大隐患,1
↵,,,,,,," 作业平台边缘堆放物料 ",二级重大隐患,1
↵,,,,,,," 模板码放高度超过1.5m ",隐患,1
↵,,,,,,," 存放场地未按要求设置1.2m高围栏 ",隐患,1
↵,,,,,,," 存放场地未进行平整夯实，无排水措施 ",隐患,1
↵,,,,,,," 模板码放不整齐 ",隐患,1
↵,,,模板拆除,,,,,,
↵,,,,,,," 混凝土强度未达规范要求，提前拆除模板支架 ",二级重大隐患,1
↵,,,,,,," 拆除过程中未按规定设置警戒区或专人旁站 ",隐患,1
↵,,,,,,," 模板拆除顺序不符合方案要求 ",隐患,1
↵,,,,,,," 拆除过程中随意抛掷构件 ",二级重大隐患,1
↵,,,模板验收,,,,,,
↵,,,,,,,支架搭设完毕未组织验收，即开始下道工序,严重违章,3
↵,,,,,,,高大模板支撑体系，搭设过程未办理验收,违章,1
↵,,,,,,,验收无检测量化内容或未经责任人签字确认,问题,1
↵,,,扣件式脚手架模板支撑体系,,,,,,
↵,,,,施工方案,,,,,
↵,,,,,,," 未编制专项施工方案（或设计） ",严重违章,3
↵,,,,,,," 专项施工方案（或设计）未按规定审核、审批 ",违章,1
↵,,,,,,,超过一定规模的模板支架，专项施工方案未按规定组织专家论证,严重违章,3
↵,,,,,,,施工方案内容不全、针对性不强，不能指导施工,严重违章,3
↵,,,,材质要求,,,,,
↵,,,,,,,杆件有裂纹，弯曲、变形、锈蚀严重,隐患,1
↵,,,,,,,构配件材质、壁厚不符合方案要求,隐患,1
↵,,,,,,,杆件、扣件无材质证明、检测报告,违章,1
↵,,,,,,,杆件、扣件未进行复试或技术性能不符合标准,严重违章,3
↵,,,,,,,杆件、扣件等材质不符合方案要求,隐患,1
↵,,,,支架基础,,,,,
↵,,,,,,," 基础不坚实、不平整，承载力不满足方案要求 ",二级重大隐患,1
↵,,,,,,," 立杆基础底部松动或悬空 ",二级重大隐患,1
↵,,,,,,,支架底部未设置垫板、底座或垫板的规格不符合规范要求,隐患,1
↵,,,,,,," 立杆下部未设置纵向、横向扫地杆 ",二级重大隐患,1
↵,,,,,,,未采取排水措施,隐患,1
↵,,,,,,,支架设在楼面结构上时，未对楼面结构的承载力进行验算,二级重大隐患,1
↵,,,,支架构造,,,,,
↵,,,,,,,立杆、横杆的步距与间距大于设计方案和规范要求,一级重大隐患,3
↵,,,,,,,立杆连接不符合规范要求,二级重大隐患,1
↵,,,,,,,水平杆连接不符合规范要求,隐患,1
↵,,,,,,,未按规范或方案要求设置水平、竖向剪刀撑,二级重大隐患,1
↵,,,,,,,连墙件设置不符合规范要求,二级重大隐患,1
↵,,,,,,,杆件各连接点的紧固不符合规范要求,隐患,1
↵,,,,,,,螺杆、立杆伸出顶层水平杆的长度超过规范要求,一级重大隐患,3
↵,,,,施工荷载,,,,,
↵,,,,,,,施工荷载超过设计规定，或施工荷载不均匀、集中荷载超过规定值,一级重大隐患,3
↵,,,,,,,混凝土浇筑过程中未按方案要求控制混凝土堆积高度,隐患,1
↵,,,,,,,混凝土浇筑顺序未按专项方案要求作业,二级重大隐患,1
↵,,,,,,,布料机位置未采取可靠稳固措施,隐患,1
↵,,,,安全防护,,,,,
↵,,,,,,,作业人员无安全防护措施,二级重大隐患,1
↵,,,,,,,脚手板未满铺或有探头板,隐患,1
↵,,,,,,,作业层未设置挡脚板,隐患,1
↵,,,,,,,未按规范要求设置安全平网,二级重大隐患,1
↵,,,,,,,作业层防护栏杆不符合规范要求,二级重大隐患,1
↵,,,,,,,未设置人员上下专用通道,隐患,1
↵,,,,,,,人员通道设置不符合要求,隐患,1
↵,,,,模板拆除,,,,,
↵,,,,,,,拆除区域未设置警戒线或未设专人监护,隐患,1
↵,,,,,,,拆除时混凝土强度未达到规定值,二级重大隐患,1
↵,,,,,,,拆除时随意抛掷构件,隐患,1
↵,,,,支架验收,,,,,
↵,,,,,,,支架搭设完毕未组织验收，即开始下道工序,严重违章,3
↵,,,,,,,验收无检测量化内容，或未经责任人签字,问题,1
↵,,,,,,,支撑体系未设专人监控、监测,隐患,1
↵,,,碗扣式脚手架模板支撑体系,,,,,,
↵,,,,施工方案,,,,,
↵,,,,,,," 未编制专项施工方案（或设计） ",严重违章,3
↵,,,,,,," 专项施工方案（或设计）未按规定审核、审批 ",违章,1
↵,,,,,,,超过一定规模的模板支架，专项施工方案未按规定组织专家论证,严重违章,3
↵,,,,,,,施工方案内容不全、针对性不强，不能指导施工,违章,1
↵,,,,材质要求,,,,,
↵,,,,,,,杆件有裂纹，弯曲、变形、锈蚀严重,严重违章,3
↵,,,,,,,构配件材质、壁厚不符合方案要求,隐患,1
↵,,,,,,,杆件、扣件无材质证明、检测报告,违章,1
↵,,,,,,,杆件、扣件等材质不符合标准规范要求,隐患,1
↵,,,,支架基础,,,,,
↵,,,,,,," 基础不坚实、不平整，承载力不满足方案要求 ",二级重大隐患,1
↵,,,,,,," 立杆基础底部松动或悬空 ",二级重大隐患,1
↵,,,,,,,支架底部未设置垫板、底座或垫板的规格不符合规范要求,隐患,1
↵,,,,,,," 立杆下部未设置纵向、横向扫地杆 ",二级重大隐患,1
↵,,,,,,,未采取排水措施,隐患,1
↵,,,,,,,支架设在楼面结构上时，未对楼面结构的承载力进行验算,二级重大隐患,1
↵,,,,支架构造,,,,,
↵,,,,,,,立杆、横杆的步距与间距大于设计方案和规范要求,一级重大隐患,3
↵,,,,,,,水平杆未连续设置,隐患,1
↵,,,,,,,未按规范或方案要求设置水平、竖向剪刀撑或专用斜杆,二级重大隐患,1
↵,,,,,,,支撑架高宽比大于规定值时，未按规范要求采取措施,二级重大隐患,1
↵,,,,,,,杆件各连接点的紧固不符合规范要求,隐患,1
↵,,,,,,,人行通道未按规范要求设置,隐患,1
↵,,,,,,,多层连续施工时，上下层立杆未在同一轴线上,隐患,1
↵,,,,,,,斜杆、连墙件、十字撑未按规范设置,二级重大隐患,1
↵,,,,,,,螺杆、立杆伸出顶层水平杆的长度超过规范要求,一级重大隐患,3
↵,,,,,,,未按方案要求对支架的基础沉降、架体变形采取监测措施,隐患,1
↵,,,,施工荷载,,,,,
↵,,,,,,,施工荷载超过设计规定，或施工荷载不均匀、集中荷载超过规定值,一级重大隐患,3
↵,,,,,,,混凝土浇筑过程中未按方案要求控制混凝土堆积高度,隐患,1
↵,,,,,,,混凝土浇筑顺序未按专项方案要求作业,二级重大隐患,1
↵,,,,,,,布料机位置未采取可靠稳固措施,隐患,1
↵,,,,安全防护,,,,,
↵,,,,,,,作业人员无安全防护措施,二级重大隐患,1
↵,,,,,,,脚手板未满铺或有探头板,隐患,1
↵,,,,,,,作业层未设置挡脚板,隐患,1
↵,,,,,,,未按规范要求设置安全平网,二级重大隐患,1
↵,,,,,,,作业层防护栏杆不符合规范要求,隐患,1
↵,,,,,,,未设置人员上下专用通道,隐患,1
↵,,,,,,,人员通道设置不符合要求,隐患,1
↵,,,,支撑体系拆除,,,,,
↵,,,,,,,拆除区域未设置警戒线或未设专人监护,隐患,1
↵,,,,,,,拆除时混凝土强度未达到规定值,二级重大隐患,1
↵,,,,,,,拆除时随意抛掷构件,隐患,1
↵,,,,支架验收,,,,,
↵,,,,,,,支架搭设完毕未组织验收，即开始下道工序,严重违章,3
↵,,,,,,,验收无检测量化内容，或未经责任人签字,问题,1
↵,,,,,,,支撑体系未设专人监控、监测,问题,1
↵,,,承插型盘扣式脚手架模板支撑体系,,,,,,
↵,,,,施工方案,,,,,
↵,,,,,,," 未编制专项施工方案（或设计） ",严重违章,3
↵,,,,,,," 专项施工方案（或设计）未按规定审核、审批 ",违章,1
↵,,,,,,,超过一定规模的模板支架，专项施工方案未按规定组织专家论证,严重违章,3
↵,,,,,,,施工方案内容不全、针对性不强，不能指导施工,违章,1
↵,,,,材质要求,,,,,
↵,,,,,,,杆件有裂纹，弯曲、变形、锈蚀严重,隐患,1
↵,,,,,,,构配件材质、壁厚不符合方案要求,隐患,1
↵,,,,,,,杆件、扣件无材质证明、检测报告,违章,1
↵,,,,,,,杆件、扣件等材质不符合标准规范要求,隐患,1
↵,,,,支架基础,,,,,
↵,,,,,,," 基础不坚实、不平整，承载力不满足方案要求 ",二级重大隐患,1
↵,,,,,,," 立杆基础底部松动或悬空 ",二级重大隐患,1
↵,,,,,,,支架底部未设置垫板、底座或垫板的规格不符合规范要求,隐患,1
↵,,,,,,," 立杆下部未设置纵向、横向扫地杆 ",二级重大隐患,1
↵,,,,,,,未采取排水措施,隐患,1
↵,,,,,,,支架设在楼面结构上时，未对楼面结构的承载力进行验算,二级重大隐患,1
↵,,,,支架构造,,,,,
↵,,,,,,,立杆、水平杆的步距与间距大于设计方案和规范要求,一级重大隐患,3
↵,,,,,,,水平杆未连续设置,隐患,1
↵,,,,,,,竖向斜杆两端未固定在纵、横向水平杆与立杆汇交的盘扣结点处,二级重大隐患,1
↵,,,,,,,未按方案设计的步距在立杆连接盘处设置纵、横向水平杆,二级重大隐患,1
↵,,,,,,,未按规范或方案要求设置水平、竖向剪刀撑或专用斜杆,二级重大隐患,1
↵,,,,,,,支撑架高宽比大于规定值时，未按规范要求采取措施,二级重大隐患,1
↵,,,,,,,杆件各连接点的紧固不符合规范要求,隐患,1
↵,,,,,,,人行通道未按规范要求设置,隐患,1
↵,,,,,,,多层连续施工时，上下层立杆未在同一轴线上。,隐患,1
↵,,,,,,,可调支座和底座伸出水平杆的悬臂长度超过设计限定要求,二级重大隐患,1
↵,,,,,,,可调支座和底座调节丝杆外露长度大于规范要求,二级重大隐患,1
↵,,,,,,,未按方案要求对支架的基础沉降、架体变形采取监测措施,隐患,1
↵,,,,,,,架体与建筑结构未按规范要求拉结,二级重大隐患,1
↵,,,,,,,连墙件未采用刚性杆件,二级重大隐患,1
↵,,,,,,,插销无可靠防拔脱构造措施,隐患,1
↵,,,,,,,插销未设置便于目视检查楔入深度的刻痕或颜色标记,隐患,1
↵,,,,施工荷载,,,,,
↵,,,,,,,施工荷载超过设计规定，或施工荷载不均匀、集中荷载超过规定值,一级重大隐患,3
↵,,,,,,,混凝土浇筑过程中未按方案要求控制混凝土堆积高度,隐患,1
↵,,,,,,,混凝土浇筑顺序未按专项方案要求作业,二级重大隐患,1
↵,,,,,,,布料机位置未采取可靠稳固措施,隐患,1
↵,,,,安全防护,,,,,
↵,,,,,,,作业人员无安全防护措施,二级重大隐患,1
↵,,,,,,,脚手板未满铺或铺设不牢,隐患,1
↵,,,,,,,作业层未设置挡脚板,隐患,1
↵,,,,,,,钢脚手板挂钩未挂扣在水平杆上或未处于锁住状态,隐患,1
↵,,,,,,,未按规范要求设置安全平网,二级重大隐患,1
↵,,,,,,,作业层防护栏杆不符合规范要求,隐患,1
↵,,,,,,,未设置人员上下专用通道,隐患,1
↵,,,,,,,人员通道设置不符合要求,隐患,1
↵,,,,支撑体系拆除,,,,,
↵,,,,,,," 拆除区域未设置警戒线或未设专人监护 ",隐患,1
↵,,,,,,,拆除时混凝土强度未达到规定值,隐患,1
↵,,,,,,,拆除时随意抛掷杆件,隐患,1
↵,,,,模板验收,,,,,
↵,,,,,,,支架搭设完毕未组织验收，即开始下道工序,严重违章,3
↵,,,,,,,验收无检测量化内容，或未经责任人签字,问题,1
↵,,,,,,,支撑体系未设专人监控、监测,问题,1
↵,,,模板和脚手架,,,,,,
↵,,,,特殊天气,,,,,
↵,,,,,雨期施工,,,,
↵,,,,,,,雨期前，避雷装置、脚手架未经遥测检查,隐患,1
↵,,,,,,,脚手架基础下沉,二级重大隐患,1
↵,,,,,,,脚手架、模板无防滑措施,隐患,1
↵,,,,,,,大雨后，脚手架未经检查和验收,二级重大隐患,1
↵,,,,,,,马道、斜梯未钉防滑条,隐患,1
↵,,,,,冬期施工,,,,
↵,,,,,,,施工前未对脚手架检查和验收,隐患,1
↵,,,,,,,未对架体、模板牢固性进行检查,隐患,1
↵,,,,,,,脚手架、操作面上的积雪、杂物未清理,隐患,1
↵,,,,,,,脚手架、模板等无防滑措施,隐患,1
↵,,,,,,,土层解冻后，脚手架下沉，未采取加固措施,二级重大隐患,1
↵,,,,,,,未按相关规定停止室外作业,隐患,1
↵,,,,,大风,,,,
↵,,,,,,四级及以上,,,
↵,,,,,,,未对模板采取临时固定措施,隐患,1
↵,,,,,,五级及以上,,,
↵,,,,,,,未停止大模板吊装作业,二级重大隐患,1
↵,,,,,,,未停止附着式升降脚手架升降作业和拆除作业,二级重大隐患,1
↵,,,,,,,未停止升降或拆除工具式脚手架,二级重大隐患,1
↵,,,,,,六级及以上,,,
↵,,,,,,,未停止脚手架、模板支架的搭设、使用及拆除作业,二级重大隐患,1
↵,,,,,,,强风过后，脚手架未检查和验收,二级重大隐患,1
↵,,,,,夜间,,,,
↵,,,,,,,脚手架搭设与拆除作业,二级重大隐患,1
↵,,钢筋,,,,,,,
↵,,混凝土,,,,,,,
↵,,预应力,,,,,,,
↵,,现浇结构,,,,,,,
↵,,装配式结构,,,,,,,
↵,砌体结构,,,,,,,,
↵,,砖砌体,,,,,,,
↵,,混凝土小型空心砌块砌体,,,,,,,
↵,,石砌体,,,,,,,
↵,,配筋砌体,,,,,,,
↵,,填充墙砌体,,,,,,,
↵,钢结构,,,,,,,,
↵,,钢结构焊接,,,,,,,
↵,,紧固件连接,,,,,,,
↵,,钢零部件加工,,,,,,,
↵,,钢构件组装及预拼装,,,,,,,
↵,,单层钢结构安装,,,,,,,
↵,,多层及高层钢结构安装,,,,,,,
↵,,钢管结构安装,,,,,,,
↵,,预应力钢索和膜结构,,,,,,,
↵,,压型金属板,,,,,,,
↵,,防腐涂料涂装,,,,,,,
↵,,防火涂料涂装,,,,,,,
↵,钢管混凝土结构,,,,,,,,
↵,,构件现场拼装,,,,,,,
↵,,构件安装,,,,,,,
↵,,钢管焊接,,,,,,,
↵,,构件连接,,,,,,,
↵,,钢管内钢筋骨架,,,,,,,
↵,,混凝土,,,,,,,
↵,型钢混凝土结构,,,,,,,,
↵,,型钢焊接,,,,,,,
↵,,紧固件连接,,,,,,,
↵,,型钢与钢筋连接,,,,,,,
↵,,型钢构件组装及预拼装,,,,,,,
↵,,型钢安装,,,,,,,
↵,,模板,,,,,,,
↵,,,施工方案,,,,,,
↵,,,,,,,未按规定编制施工方案,二级重大隐患,1
↵,,,,,,,施工方案未按规定进行审核、审批,隐患,1
↵,,,,,,,施工方案内容不全、针对性不强，不能指导施工,二级重大隐患,1
↵,,,,,,,施工前未进行安全技术交底或无交底记录,隐患,1
↵,,,模板材质,,,,,,
↵,,,,,,,肋板或模板的钢板厚度不符合方案要求,违章,1
↵,,,,,,,肋板不全或损坏未修复,隐患,1
↵,,,,,,,模板、连接螺栓无材质证明、检验合格证明,违章,1
↵,,,,,,,配件材质不符合标准方案要求,隐患,1
↵,,,模板吊运,,,,,,
↵,,,,,,," 模板运输车辆运行时车厢内载人 ",隐患,1
↵,,,,,,," 模板运输过程中码放不稳，固定不牢 ",二级重大隐患,1
↵,,,,,,," 同时吊运两块大模板 ",二级重大隐患,1
↵,,,,,,," 同时吊运两块柱模、角模，吊点不在同一水平面上 ",二级重大隐患,1
↵,,,,,,,大模板吊装就位后或拆除前未采用钢丝绳锁扣固定,一级重大隐患,3
↵,,,,,,," 吊运模板时，未清理肋板上杂物 ",隐患,1
↵,,,模板组装,,,,,,
↵,,,,,,," 施工无操作架，操作人员攀爬肋板上下操作面 ",隐患,1
↵,,,,,,," 操作架未设两道护身栏，未设置挡脚板 ",隐患,1
↵,,,,,,," 操作架脚手板未满铺、未固定或固定不牢固 ",隐患,1
↵,,,,,,," 模板安装2m以上高处作业无可靠立足点 ",二级重大隐患,1
↵,,,,,,," 模板拼装无人指挥和旁站 ",隐患,1
↵,,,模板拆除,,,,,,
↵,,,,,,," 模板未与墙体完全脱离，强行吊运大模板 ",二级重大隐患,1
↵,,,,,,," 拆除区域未设置警戒线或未设置专人旁站 ",隐患,1
↵,,,模板存放,,,,,,
↵,,,,,,," 大模板存放区未封闭设置，围栏高度不足1.2m ",隐患,1
↵,,,,,,," 存放场地未进行平整夯实，无排水措施 ",隐患,1
↵,,,,,,," 大模板自稳角不满足70°-80°的要求 ",二级重大隐患,1
↵,,,,,,," 大模板未对面码放，距离不足600mm ",隐患,1
↵,,,,,,," 存放时间超过48h，未对模板采取临时固定措施 ",隐患,1
↵,,,,,,," 现场使用单腿模板 ",二级重大隐患,1
↵,,,,,,," 支腿的上支点高度低于模板高度的2/3 ",隐患,1
↵,,,,,,," 无支腿的大模板未设置专用插放架或无防滑移倾倒措施 ",二级重大隐患,1
↵,,,,,,," 插放架架体高度低于模板高度的80% ",二级重大隐患,1
↵,,,,,,," 插放架上方作业面脚手板未满铺、未固定或固定不牢固 ",隐患,1
↵,,,,,,," 插放架上方作业面未按照要求设护身栏、设爬梯或马道 ",二级重大隐患,1
↵,,,,,,," 大模板存放不整齐、过高等不符合安全要求 ",隐患,1
↵,,混凝土,,,,,,,
↵,铝合金结构,,,,,,,,
↵,,,铝模板支撑体系,,,,,,
↵,,,,施工方案,,,,,
↵,,,,,,," 未按规定编制专项施工方案或结构设计未经设计计算 ",严重违章,3
↵,,,,,,," 专项施工方案未按规定审核、审批 ",违章,1
↵,,,,,,," 专项施工方案未按规定组织专家论证 ",严重违章,3
↵,,,,,,," 施工方案内容不全、针对性不强，不能指导施工 ",违章,1
↵,,,,,,," 施工前未进行安全技术交底或无交底记录 ",违章,1
↵,,,,支架、模板材质,,,,,
↵,,,,,,," 杆件弯曲、变形、锈蚀严重 ",隐患,1
↵,,,,,,," 构配件材质、壁厚不符合方案要求 ",隐患,1
↵,,,,模板吊运,,,,,
↵,,,,,,," 模板运输车辆运行时车厢内载人 ",隐患,1
↵,,,,,,," 未使用专用吊笼吊运穿墙螺栓等易散落物料 ",二级重大隐患,1
↵,,,,,,," 吊运区域下方有人员作业 ",二级重大隐患,1
↵,,,,支架基础,,,,,
↵,,,,,,," 支架立杆底部未设置垫板或垫板不符合设计要求 ",隐患,1
↵,,,,,,," 支架设在楼面结构上时，未对楼面结构的承载力进行验算或承载力不足未采取加固措施 ",违章,1
↵,,,,,,," 背楞斜支撑未预埋螺栓且未采取其他加固措施 ",隐患,1
↵,,,,支架构造,,,,,
↵,,,,,,," 立杆间距大于设计方案要求 ",二级重大隐患,1
↵,,,,,,,杆件各连接点的紧固不符合规范要求,隐患,1
↵,,,,,,,布料机位置未做支撑体系加密,二级重大隐患,1
↵,,,,,,,多层连续施工时，上下层立杆未在同一轴线上,隐患,1
↵,,,,支架稳定,,,,,
↵,,,,,,,未按方案要求对模板支架的沉降、体系变形采取监测措施,隐患,1
↵,,,,,,,销钉销片未按规定设置或未全部加固到位,隐患,1
↵,,,,,,,销钉销片无可靠防拔脱措施,隐患,1
↵,,,,,,,梁、板底部的立杆未全部加固到位且拧紧,二级重大隐患,1
↵,,,,,,,墙体背楞或斜撑或对拉螺杆，未加固到位,隐患,1
↵,,,,,,,K板螺丝未拧紧,隐患,1
↵,,,,施工荷载,,,,,
↵,,,,,,,施工荷载超过设计规定，或施工荷载不均匀、集中荷载超过规定值,一级重大隐患,3
↵,,,,,,,混凝土浇筑过程中未按方案要求控制混凝土堆积高度,隐患,1
↵,,,,,,,混凝土浇筑顺序未按专项方案要求作业,隐患,1
↵,,,,,,,布料机未采取可靠稳固措施,隐患,1
↵,,,,安全防护,,,,,
↵,,,,,,,作业人员无安全防护措施,二级重大隐患,1
↵,,,,,,,作业层脚手板未铺板或铺设不牢、不稳,隐患,1
↵,,,,,,,作业层未设置挡脚板,隐患,1
↵,,,,,,,坠落高度超过2m，未按规范要求设置水平安全网,二级重大隐患,1
↵,,,,,,,作业层防护栏杆不符合规范要求,隐患,1
↵,,,,,,,物料倒运预留口无临时封闭措施,二级重大隐患,1
↵,,,,支撑体系拆除,,,,,
↵,,,,,,,拆除区域未设置警戒线或未设专人监护,隐患,1
↵,,,,,,,拆除时混凝土强度未达到设计要求,隐患,1
↵,,,,模板验收,,,,,
↵,,,,,,,架体搭设完毕未按规范要求组织相关人员检查验收,违章,1
↵,,,,,,,验收无检测量化内容，或未经责任人签字,问题,1
↵,,,,,,,支撑体系未设专人监控、监测,违章,1
↵,,,,模板存放,,,,,
↵,,,,,,," 模板等材料集中堆放在作业平台上 ",二级重大隐患,1
↵,,,,,,," 模板等材料堆放在作业平台边沿 ",隐患,1
↵,,,,,,," 存放高度超过1.5m ",隐患,1
↵,,,,,,," 存放场地未按要求设置1.2m高围栏 ",隐患,1
↵,,,,,,," 存放场地未进行平整夯实，无排水措施 ",隐患,1
↵,,,,模板拆除,,,,,
↵,,,,,,,混凝土强度未达到规定值，拆除模板支架,二级重大隐患,1
↵,,,,,,,未按规定设置警戒区或未设置专人监护,隐患,1
↵,,,,,,,拆除未按方案逐块拆除,隐患,1
↵,,铝合金焊接,,,,,,,
↵,,紧固件连接,,,,,,,
↵,,铝合金零部件加工,,,,,,,
↵,,铝合金构件组装,,,,,,,
↵,,铝合金构件预拼装,,,,,,,
↵,,铝合金框架结构安装,,,,,,,
↵,,铝合金空间网格结构安装,,,,,,,
↵,,铝合金面板,,,,,,,
↵,,铝合金幕墙结构安装,,,,,,,
↵,,防腐处理,,,,,,,
↵,木结构,,,,,,,,
↵,,方木与原木结构,,,,,,,
↵,,胶合木结构,,,,,,,
↵,,轻型木结构,,,,,,,
↵,,木结构防护,,,,,,,
↵建筑装饰装修,,,,,,,,,
↵,建筑地面,,,,,,,,
↵,,基层铺设,,,,,,,
↵,,整体面层铺设,,,,,,,
↵,,板块面层铺设,,,,,,,
↵,,木、竹面层铺设,,,,,,,
↵,抹灰,,,,,,,,
↵,,一般抹灰,,,,,,,
↵,,保温层薄抹灰,,,,,,,
↵,,装饰抹灰,,,,,,,
↵,,清水砌体勾缝,,,,,,,
↵,外墙防水,,,,,,,,
↵,,外墙砂浆防水,,,,,,,
↵,,涂膜防水,,,,,,,
↵,,透气膜防水,,,,,,,
↵,门窗,,,,,,,,
↵,,木门窗安装,,,,,,,
↵,,金属门窗安装,,,,,,,
↵,,塑料门窗安装,,,,,,,
↵,,特种门安装,,,,,,,
↵,,门窗玻璃安装,,,,,,,
↵,吊顶,,,,,,,,
↵,,整体面层吊顶,,,,,,,
↵,,板块面层吊顶,,,,,,,
↵,,格栅吊顶,,,,,,,
↵,轻质隔墙,,,,,,,,
↵,,板材隔墙,,,,,,,
↵,,骨架隔墙,,,,,,,
↵,,活动隔墙,,,,,,,
↵,,玻璃隔墙,,,,,,,
↵,饰面板,,,,,,,,
↵,,石板安装,,,,,,,
↵,,陶瓷板安装,,,,,,,
↵,,木板安装,,,,,,,
↵,,金属板安装,,,,,,,
↵,,塑料板安装,,,,,,,
↵,饰面砖,,,,,,,,
↵,,外墙饰面砖粘贴,,,,,,,
↵,,内墙饰面砖粘贴,,,,,,,
↵,幕墙,,,,,,,,
↵,,玻璃幕墙安装,,,,,,,
↵,,金属幕墙安装,,,,,,,
↵,,石材幕墙安装,,,,,,,
↵,,陶板幕墙安装,,,,,,,
↵,涂饰,,,,,,,,
↵,,水性涂料涂饰,,,,,,,
↵,,溶剂型涂料涂饰,,,,,,,
↵,,美术涂饰,,,,,,,
↵,裱糊与软包,,,,,,,,
↵,,糊裱,,,,,,,
↵,,软包,,,,,,,
↵,细部,,,,,,,,
↵,,橱柜制作与安装,,,,,,,
↵,,窗帘盒和窗台板制作与安装,,,,,,,
↵,,门窗套制作与安装,,,,,,,
↵,,护栏和扶手制作与安装,,,,,,,
↵,,花饰制作与安装,,,,,,,
↵屋面,,,,,,,,,
↵,基层与保护,,,,,,,,
↵,,找坡层和找平层,,,,,,,
↵,,隔汽层,,,,,,,
↵,,隔离层,,,,,,,
↵,,保护层,,,,,,,
↵,保温与隔热,,,,,,,,
↵,,板状材料保温层,,,,,,,
↵,,纤维材料保温层,,,,,,,
↵,,喷涂硬泡聚氨酯保温层,,,,,,,
↵,,现浇泡沫混凝土保温层,,,,,,,
↵,,种植隔热层,,,,,,,
↵,,架空隔热层,,,,,,,
↵,,蓄水隔热层,,,,,,,
↵,防水与密封,,,,,,,,
↵,,卷材防水层,,,,,,,
↵,,涂膜防水层,,,,,,,
↵,,复合防水层,,,,,,,
↵,,接缝密封防水,,,,,,,
↵,瓦面与板面,,,,,,,,
↵,,烧结瓦和混凝土瓦铺装,,,,,,,
↵,,沥青瓦铺装,,,,,,,
↵,,金属板铺装,,,,,,,
↵,,玻璃采光顶铺装,,,,,,,
↵,细部构造,,,,,,,,
↵,,檐口,,,,,,,
↵,,檐沟和天沟,,,,,,,
↵,,女儿墙和山墙,,,,,,,
↵,,水落口,,,,,,,
↵,,变形缝,,,,,,,
↵,,伸出屋面管道,,,,,,,
↵,,屋面出入口,,,,,,,
↵,,反梁过水孔,,,,,,,
↵,,设施基座,,,,,,,
↵,,屋脊,,,,,,,
↵,,屋顶窗,,,,,,,
↵建筑给水排水及供暖,,,,,,,,,
↵,室内给水系统,,,,,,,,
↵,,给水管道及配件安装,,,,,,,
↵,,给水设备安装,,,,,,,
↵,,室内消火栓系统安装,,,,,,,
↵,,消防喷淋系统安装,,,,,,,
↵,,防腐,,,,,,,
↵,,绝热,,,,,,,
↵,,管道冲洗、消毒,,,,,,,
↵,,试验与调试,,,,,,,
↵,室内排水系统,,,,,,,,
↵,,排水管道及配件安装,,,,,,,
↵,,雨水管道及配件安装,,,,,,,
↵,,防腐,,,,,,,
↵,,试验与调试,,,,,,,
↵,室内热水系统,,,,,,,,
↵,,管道及配件安装,,,,,,,
↵,,辅助设备安装,,,,,,,
↵,,防腐,,,,,,,
↵,,绝热,,,,,,,
↵,,试验与调试,,,,,,,
↵,卫生器具,,,,,,,,
↵,,卫生器具安装,,,,,,,
↵,,卫生器具给水配件安装,,,,,,,
↵,,卫生器具排水管道安装,,,,,,,
↵,,试验与调试,,,,,,,
↵,室内供暖系统,,,,,,,,
↵,,管道及配件安装,,,,,,,
↵,,辅助设备安装,,,,,,,
↵,,散热器安装,,,,,,,
↵,,低温热水地板辐射供暖系统安装,,,,,,,
↵,,电加热供暖系统安装,,,,,,,
↵,,燃气红外辐射供暖系统安装,,,,,,,
↵,,热风供暖系统安装,,,,,,,
↵,,热计量及调控装置安装,,,,,,,
↵,,试验与调试,,,,,,,
↵,,防腐,,,,,,,
↵,,绝热,,,,,,,
↵,室外给水管网,,,,,,,,
↵,,给水管道安装,,,,,,,
↵,,室外消火栓系统安装,,,,,,,
↵,,试验与调试,,,,,,,
↵,室外排水管网,,,,,,,,
↵,,排水管道安装,,,,,,,
↵,,排水管沟与井池,,,,,,,
↵,,试验与调试,,,,,,,
↵,室外供热管网,,,,,,,,
↵,,管道及配件安装,,,,,,,
↵,,系统水压试验,,,,,,,
↵,,土建结构,,,,,,,
↵,,防腐,,,,,,,
↵,,绝热,,,,,,,
↵,,试验与调试,,,,,,,
↵,建筑饮用水供应系统,,,,,,,,
↵,,管道及配件安装,,,,,,,
↵,,水处理设备及控制设施安装,,,,,,,
↵,,防腐,,,,,,,
↵,,绝热,,,,,,,
↵,,试验与调试,,,,,,,
↵,建筑中水系统及雨水利用系统,,,,,,,,
↵,,建筑中水系统、雨水利用系统管道及配件安装,,,,,,,
↵,,水处理设备及控制设施安装,,,,,,,
↵,,防腐,,,,,,,
↵,,绝热,,,,,,,
↵,,试验与调试,,,,,,,
↵,游泳池及公共浴池水系统,,,,,,,,
↵,,管道及配件系统安装,,,,,,,
↵,,水处理设备及控制设施安装,,,,,,,
↵,,防腐,,,,,,,
↵,,绝热,,,,,,,
↵,,试验与调试,,,,,,,
↵,水景喷泉系统,,,,,,,,
↵,,管道系统及配件安装,,,,,,,
↵,,防腐,,,,,,,
↵,,绝热,,,,,,,
↵,,试验与调试,,,,,,,
↵,热源及辅助设备,,,,,,,,
↵,,锅炉安装,,,,,,,
↵,,辅助设备及管道安装,,,,,,,
↵,,安全附件安装,,,,,,,
↵,,换热站安装,,,,,,,
↵,,防腐,,,,,,,
↵,,绝热,,,,,,,
↵,,试验与调试,,,,,,,
↵,监测与控制仪表,,,,,,,,
↵,,检测仪器及仪表安装,,,,,,,
↵,,试验与调试,,,,,,,
↵通风与空调,,,,,,,,,
↵,送风系统,,,,,,,,
↵,,风管与配件制作,,,,,,,
↵,,部件制作,,,,,,,
↵,,风管系统安装,,,,,,,
↵,,风机与空气处理设备安装,,,,,,,
↵,,风管与设备防腐,,,,,,,
↵,,旋流风口、岗位送风口、织物（布）风管安装,,,,,,,
↵,,系统调试,,,,,,,
↵,排风系统,,,,,,,,
↵,,风管与配件制作,,,,,,,
↵,,部件制作,,,,,,,
↵,,风管系统安装,,,,,,,
↵,,风机与空气处理设备安装,,,,,,,
↵,,风管与设备防腐,,,,,,,
↵,,吸风罩及其他空气处理设备安装,,,,,,,
↵,,厨房、卫生间排风系统安装,,,,,,,
↵,,系统调试,,,,,,,
↵,防排烟系统,,,,,,,,
↵,,风管与配件制作,,,,,,,
↵,,部件制作,,,,,,,
↵,,风管系统安装,,,,,,,
↵,,风机与空气处理设备安装,,,,,,,
↵,,风管与设备防腐,,,,,,,
↵,,排烟风阀（口）、常闭正压风口、防火风管安装,,,,,,,
↵,,系统调试,,,,,,,
↵,除尘系统,,,,,,,,
↵,,风管与配件制作,,,,,,,
↵,,部件制作,,,,,,,
↵,,风管系统安装,,,,,,,
↵,,风机与空气处理设备安装,,,,,,,
↵,,风管与设备防腐,,,,,,,
↵,,除尘器与排污设备安装,,,,,,,
↵,,吸尘罩安装,,,,,,,
↵,,高温风管绝热,,,,,,,
↵,,系统调试,,,,,,,
↵,舒适性空调系统,,,,,,,,
↵,,风管与配件制作,,,,,,,
↵,,部件制作,,,,,,,
↵,,风管系统安装,,,,,,,
↵,,风机与空气处理设备安装,,,,,,,
↵,,风管与设备防腐,,,,,,,
↵,,组合式空调机组安装,,,,,,,
↵,,消声器、静电除尘器、换热器、紫外线灭菌器等设备安装,,,,,,,
↵,,风机盘管、变风量与定风量送风装置、射流喷口等末端设备安装,,,,,,,
↵,,风管与设备绝热,,,,,,,
↵,,系统调试,,,,,,,
↵,恒温恒湿空调系统,,,,,,,,
↵,,风管与配件制作,,,,,,,
↵,,部件制作,,,,,,,
↵,,风管系统安装,,,,,,,
↵,,风机与空气处理设备安装,,,,,,,
↵,,风管与设备防腐,,,,,,,
↵,,组合式空调机组安装,,,,,,,
↵,,电加热器、加湿器等设备安装,,,,,,,
↵,,精密空调机组安装,,,,,,,
↵,,风管与设备绝热,,,,,,,
↵,,系统调试,,,,,,,
↵,净化空调系统,,,,,,,,
↵,,风管与配件制作,,,,,,,
↵,,部件制作,,,,,,,
↵,,风管系统安装,,,,,,,
↵,,风机与空气处理设备安装,,,,,,,
↵,,风管与设备防腐,,,,,,,
↵,,净化空调机组安装,,,,,,,
↵,,消声器、静电除尘器、换热器、紫外线灭菌器等设备安装,,,,,,,
↵,,中、高效过滤器及风机过滤器单元等末端设备清洗与安装,,,,,,,
↵,,洁净度测试,,,,,,,
↵,,风管与设备绝热,,,,,,,
↵,,系统调试,,,,,,,
↵,地下人防通风系统,,,,,,,,
↵,,风管与配件制作,,,,,,,
↵,,部件制作,,,,,,,
↵,,风管系统安装,,,,,,,
↵,,风机与空气处理设备安装,,,,,,,
↵,,风管与设备防腐,,,,,,,
↵,,过滤吸收器、防爆波活门、防爆超压排气活门等专用设备安装,,,,,,,
↵,,系统调试,,,,,,,
↵,真空吸尘系统,,,,,,,,
↵,,风管与配件制作,,,,,,,
↵,,部件制作,,,,,,,
↵,,风管系统安装,,,,,,,
↵,,风机与空气处理设备安装,,,,,,,
↵,,风管与设备防腐,,,,,,,
↵,,管道安装,,,,,,,
↵,,快速接口安装,,,,,,,
↵,,风机与滤尘设备安装,,,,,,,
↵,,系统压力试验及调试,,,,,,,
↵,冷凝水系统,,,,,,,,
↵,,管道系统及部件安装,,,,,,,
↵,,水泵及附属设备安装,,,,,,,
↵,,管道冲洗,,,,,,,
↵,,管道、设备防腐,,,,,,,
↵,,板式热交换器,,,,,,,
↵,,辐射板及辐射供热、供冷地埋管,,,,,,,
↵,,热泵机组设备安装,,,,,,,
↵,,管道、设备绝热,,,,,,,
↵,,系统压力试验及调试,,,,,,,
↵,空调（冷、热）水系统,,,,,,,,
↵,,管道系统及部件安装,,,,,,,
↵,,水泵及附属设备安装,,,,,,,
↵,,管道冲洗,,,,,,,
↵,,管道、设备防腐,,,,,,,
↵,,冷却塔与水处理设备安装,,,,,,,
↵,,防冻伴热设备安装,,,,,,,
↵,,管道、设备绝热,,,,,,,
↵,,系统压力试验及调试,,,,,,,
↵,冷却水系统,,,,,,,,
↵,,管道系统及部件安装,,,,,,,
↵,,水泵及附属设备安装,,,,,,,
↵,,管道冲洗,,,,,,,
↵,,管道、设备防腐,,,,,,,
↵,,系统灌水渗漏及排放试验,,,,,,,
↵,,管道、设备绝热,,,,,,,
↵,土壤源热泵换热系统,,,,,,,,
↵,,管道系统及部件安装,,,,,,,
↵,,水泵及附属设备安装,,,,,,,
↵,,管道冲洗,,,,,,,
↵,,管道、设备防腐,,,,,,,
↵,,埋地换热系统与管网安装,,,,,,,
↵,,管道、设备绝热,,,,,,,
↵,,系统压力试验及调试,,,,,,,
↵,水源热泵换热系统,,,,,,,,
↵,,管道系统及部件安装,,,,,,,
↵,,水泵及附属设备安装,,,,,,,
↵,,管道冲洗,,,,,,,
↵,,管道、设备防腐,,,,,,,
↵,,地表水源换热管及管网安装,,,,,,,
↵,,除垢设备安装,,,,,,,
↵,,管道、设备绝热,,,,,,,
↵,,系统压力试验及调试,,,,,,,
↵,蓄能系统,,,,,,,,
↵,,管道系统及部件安装,,,,,,,
↵,,水泵及附属设备安装,,,,,,,
↵,,管道冲洗,,,,,,,
↵,,管道、设备防腐,,,,,,,
↵,,蓄水罐与蓄冰槽、罐安装,,,,,,,
↵,,管道、设备绝热,,,,,,,
↵,,系统压力试验及调试,,,,,,,
↵,压缩式制冷（热）设备系统,,,,,,,,
↵,,制冷机组及附属设备安装,,,,,,,
↵,,管道、设备防腐,,,,,,,
↵,,制冷剂管道及部件安装,,,,,,,
↵,,制冷剂灌注,,,,,,,
↵,,管道、设备绝热,,,,,,,
↵,,系统压力试验及调试,,,,,,,
↵,吸收式制冷设备系统,,,,,,,,
↵,,制冷机组及附属设备安装,,,,,,,
↵,,管道、设备防腐,,,,,,,
↵,,系统真空试验,,,,,,,
↵,,溴化锂溶液加灌,,,,,,,
↵,,蒸汽管道系统安装,,,,,,,
↵,,燃气或燃油设备安装,,,,,,,
↵,,管道、设备绝热,,,,,,,
↵,,试验及调试,,,,,,,
↵,多联机（热泵）空调系统,,,,,,,,
↵,,室外机组安装,,,,,,,
↵,,室内机组安装,,,,,,,
↵,,制冷剂管路连接及控制开关安装,,,,,,,
↵,,风管安装,,,,,,,
↵,,冷凝水管道安装,,,,,,,
↵,,制冷剂灌注,,,,,,,
↵,,系统压力试验及调试,,,,,,,
↵,太阳能供暖空调系统,,,,,,,,
↵,,太阳能集热器安装,,,,,,,
↵,,其他辅助能源、换热设备安装,,,,,,,
↵,,蓄能水箱、管道及配件安装,,,,,,,
↵,,防腐,,,,,,,
↵,,绝热,,,,,,,
↵,,低温热水地板辐射采暖系统安装,,,,,,,
↵,,系统压力试验及调试,,,,,,,
↵,设备自控系统,,,,,,,,
↵,,温度、压力与流量传感器安装,,,,,,,
↵,,执行机构安装调试,,,,,,,
↵,,防排烟系统功能测试,,,,,,,
↵,,自动控制及系统智能控制软件调试,,,,,,,
↵建筑电气,,,,,,,,,
↵,室外电气,,,,,,,,
↵,,变压器、箱式变电所安装,,,,,,,
↵,,成套配电柜、控制柜(屏、台)和动力、照明配电箱(盘)及控制柜安装,,,,,,,
↵,,梯架、支架、托盘和槽盒安装,,,,,,,
↵,,导管敷设,,,,,,,
↵,,电缆敷设,,,,,,,
↵,,管内穿线和槽盒内敷线,,,,,,,
↵,,电缆头制作、导线连接和线路绝缘测试,,,,,,,
↵,,普通灯具安装,,,,,,,
↵,,专用灯具安装,,,,,,,
↵,,建筑照明通电试运行,,,,,,,
↵,,接地装置安装,,,,,,,
↵,变配电室,,,,,,,,
↵,,变压器、箱式变电所安装,,,,,,,
↵,,成套配电柜、控制柜(屏、台)和动力、照明配电箱(盘)安装,,,,,,,
↵,,母线槽安装,,,,,,,
↵,,梯架、支架、托盘和槽盒安装,,,,,,,
↵,,电缆敷设,,,,,,,
↵,,电缆头制作、导线连接和线路绝缘测试,,,,,,,
↵,,接地装置安装,,,,,,,
↵,,接地干线敷设,,,,,,,
↵,供电干线,,,,,,,,
↵,,电气设备试验和试运行,,,,,,,
↵,,母线槽安装,,,,,,,
↵,,梯架、支架、托盘和槽盒安装,,,,,,,
↵,,导管敷设,,,,,,,
↵,,电缆敷设,,,,,,,
↵,,管内穿线和槽盒内敷线,,,,,,,
↵,,电缆头制作、导线连接和线路绝缘测试,,,,,,,
↵,,接地干线敷设,,,,,,,
↵,电气动力,,,,,,,,
↵,,成套配电柜、控制柜(屏、台)和动力配电箱(盘)安装,,,,,,,
↵,,电动机、电加热器及电动执行机构检查接线,,,,,,,
↵,,电气设备试验和试运行,,,,,,,
↵,,梯架、支架、托盘和槽盒安装,,,,,,,
↵,,导管敷设,,,,,,,
↵,,电缆敷设,,,,,,,
↵,,管内穿线和槽盒内敷线,,,,,,,
↵,,电缆头制作、导线连接和线路绝缘测试,,,,,,,
↵,电气照明,,,,,,,,
↵,,成套配电柜、控制柜(屏、台)和照明配电箱(盘)安装,,,,,,,
↵,,梯架、支架、托盘和槽盒安装,,,,,,,
↵,,导管敷设,,,,,,,
↵,,管内穿线和槽盒内敷线,,,,,,,
↵,,塑料护套线直敷布线,,,,,,,
↵,,钢索配线,,,,,,,
↵,,电缆头制作、导线连接和线路绝缘测试,,,,,,,
↵,,普通灯具安装,,,,,,,
↵,,专用灯具安装,,,,,,,
↵,,开关、插座、风扇安装,,,,,,,
↵,,建筑照明通电试运行,,,,,,,
↵,备用和不间断电源,,,,,,,,
↵,,成套配电柜、控制柜(屏、台)和动力、照明配电箱(盘)安装,,,,,,,
↵,,柴油发电机组安装,,,,,,,
↵,,不间断电源装置及应急电源装置安装,,,,,,,
↵,,母线槽安装,,,,,,,
↵,,导管敷设,,,,,,,
↵,,电缆敷设,,,,,,,
↵,,管内穿线和槽盒内敷线,,,,,,,
↵,,电缆头制作、导线连接和线路绝缘测试,,,,,,,
↵,,接地装置安装,,,,,,,
↵,防雷及接地,,,,,,,,
↵,,接地装置安装,,,,,,,
↵,,防雷引下线及接闪器安装,,,,,,,
↵,,建筑物等电位连接,,,,,,,
↵,,浪涌保护器安装,,,,,,,
↵智能建筑,,,,,,,,,
↵,智能化集成系统,,,,,,,,
↵,,设备安装,,,,,,,
↵,,软件安装,,,,,,,
↵,,接口及系统调试,,,,,,,
↵,,试运行,,,,,,,
↵,信息接入系统,,,,,,,,
↵,,安装场地检查,,,,,,,
↵,用户电话交换系统,,,,,,,,
↵,,线缆敷设,,,,,,,
↵,,设备安装,,,,,,,
↵,,软件安装,,,,,,,
↵,,接口及系统调试,,,,,,,
↵,,试运行,,,,,,,
↵,信息网络系统,,,,,,,,
↵,,计算机网络设备安装,,,,,,,
↵,,计算机网络软件安装,,,,,,,
↵,,网络安全设备安装,,,,,,,
↵,,网络安全软件安装,,,,,,,
↵,,系统调试,,,,,,,
↵,,试运行,,,,,,,
↵,综合布线系统,,,,,,,,
↵,,梯架、托盘、槽盒和导管安装,,,,,,,
↵,,线缆敷设,,,,,,,
↵,,机柜、机架、配线架的安装,,,,,,,
↵,,信息插座安装,,,,,,,
↵,,链路或信道测试,,,,,,,
↵,,软件安装,,,,,,,
↵,,系统调试,,,,,,,
↵,,试运行,,,,,,,
↵,移动通信室内信号覆盖系统,,,,,,,,
↵,,安装场地检查,,,,,,,
↵,卫星通信系统,,,,,,,,
↵,,安装场地检查,,,,,,,
↵,有限电视及卫星电视接收系统,,,,,,,,
↵,,梯架、托盘、槽盒和导管安装,,,,,,,
↵,,线缆敷设,,,,,,,
↵,,设备安装,,,,,,,
↵,,软件安装,,,,,,,
↵,,系统调试,,,,,,,
↵,,试运行,,,,,,,
↵,公共广播系统,,,,,,,,
↵,,梯架、托盘、槽盒和导管安装,,,,,,,
↵,,线缆敷设,,,,,,,
↵,,设备安装,,,,,,,
↵,,软件安装,,,,,,,
↵,,系统调试,,,,,,,
↵,,试运行,,,,,,,
↵,会议系统,,,,,,,,
↵,,梯架、托盘、槽盒和导管安装,,,,,,,
↵,,线缆敷设,,,,,,,
↵,,设备安装,,,,,,,
↵,,软件安装,,,,,,,
↵,,系统调试,,,,,,,
↵,,试运行,,,,,,,
↵,信息导引及发布系统,,,,,,,,
↵,,梯架、托盘、槽盒和导管安装,,,,,,,
↵,,线缆敷设,,,,,,,
↵,,显示设备安装,,,,,,,
↵,,机房设备安装,,,,,,,
↵,,软件安装,,,,,,,
↵,,系统调试,,,,,,,
↵,,试运行,,,,,,,
↵,时钟系统,,,,,,,,
↵,,梯架、托盘、槽盒和导管安装,,,,,,,
↵,,线缆敷设,,,,,,,
↵,,设备安装,,,,,,,
↵,,软件安装,,,,,,,
↵,,系统调试,,,,,,,
↵,,试运行,,,,,,,
↵,信息化应用系统,,,,,,,,
↵,,梯架、托盘、槽盒和导管安装,,,,,,,
↵,,线缆敷设,,,,,,,
↵,,设备安装,,,,,,,
↵,,软件安装,,,,,,,
↵,,系统调试,,,,,,,
↵,,试运行,,,,,,,
↵,建筑设备监控系统,,,,,,,,
↵,,梯架、托盘、槽盒和导管安装,,,,,,,
↵,,线缆敷设,,,,,,,
↵,,传感器安装,,,,,,,
↵,,执行器安装,,,,,,,
↵,,控制器、箱安装,,,,,,,
↵,,中央管理工作站和操作分站设备安装,,,,,,,
↵,,软件安装,,,,,,,
↵,,系统调试,,,,,,,
↵,,试运行,,,,,,,
↵,火灾自动报警系统,,,,,,,,
↵,,梯架、托盘、槽盒和导管安装,,,,,,,
↵,,线缆敷设,,,,,,,
↵,,探测器类设备安装,,,,,,,
↵,,控制器类设备安装,,,,,,,
↵,,其他设备安装,,,,,,,
↵,,软件安装,,,,,,,
↵,,系统调试,,,,,,,
↵,,试运行,,,,,,,
↵,安全技术防范系统,,,,,,,,
↵,,梯架、托盘、槽盒和导管安装,,,,,,,
↵,,线缆敷设,,,,,,,
↵,,设备安装,,,,,,,
↵,,软件安装,,,,,,,
↵,,系统调试,,,,,,,
↵,,试运行,,,,,,,
↵,应急响应系统,,,,,,,,
↵,,设备安装,,,,,,,
↵,,软件安装,,,,,,,
↵,,系统调试,,,,,,,
↵,,试运行,,,,,,,
↵,机房,,,,,,,,
↵,,供配电系统,,,,,,,
↵,,防雷与接地系统,,,,,,,
↵,,空气调节系统,,,,,,,
↵,,给水排水系统,,,,,,,
↵,,综合布线系统,,,,,,,
↵,,监控与安全防范系统,,,,,,,
↵,,消防系统,,,,,,,
↵,,室内装饰装修,,,,,,,
↵,,电磁屏蔽,,,,,,,
↵,,系统调试,,,,,,,
↵,,试运行,,,,,,,
↵,防雷与接地,,,,,,,,
↵,,接地装置,,,,,,,
↵,,接地线,,,,,,,
↵,,等电位联接,,,,,,,
↵,,屏蔽设施,,,,,,,
↵,,电涌保护器,,,,,,,
↵,,线缆敷设,,,,,,,
↵,,系统调试,,,,,,,
↵,,试运行,,,,,,,
↵建筑节能,,,,,,,,,
↵,围护系统节能,,,,,,,,
↵,,墙体节能,,,,,,,
↵,,幕墙节能,,,,,,,
↵,,门窗节能,,,,,,,
↵,,屋面节能,,,,,,,
↵,,地面节能,,,,,,,
↵,供暖空调设备及管网节能,,,,,,,,
↵,,供暖节能,,,,,,,
↵,,通风与空调设备节能,,,,,,,
↵,,空调与供暖系统冷热源节能,,,,,,,
↵,,空调与供暖系统管网节能,,,,,,,
↵,电气动力节能,,,,,,,,
↵,,配电节能,,,,,,,
↵,,照明节能,,,,,,,
↵,监控系统节能,,,,,,,,
↵,,监测系统节能,,,,,,,
↵,,控制系统节能,,,,,,,
↵,可再生能源,,,,,,,,
↵,,地源热泵系统节能,,,,,,,
↵,,太阳能光热系统节能,,,,,,,
↵,,太阳能光伏节能,,,,,,,
↵电梯,,,,,,,,,
↵,电力驱动的曳引式或强制式电梯,,,,,,,,
↵,,设备进场验收,,,,,,,
↵,,土建交接检验,,,,,,,
↵,,驱动主机,,,,,,,
↵,,导轨,,,,,,,
↵,,门系统,,,,,,,
↵,,轿厢,,,,,,,
↵,,对重,,,,,,,
↵,,安全部件,,,,,,,
↵,,悬挂装置,,,,,,,
↵,,随行电缆,,,,,,,
↵,,补偿装置,,,,,,,
↵,,电气装置,,,,,,,
↵,,整机安装验收,,,,,,,
↵,液压电梯,,,,,,,,
↵,,设备进场验收,,,,,,,
↵,,土建交接检验,,,,,,,
↵,,液压系统,,,,,,,
↵,,导轨,,,,,,,
↵,,门系统,,,,,,,
↵,,轿厢,,,,,,,
↵,,对重,,,,,,,
↵,,安全部件,,,,,,,
↵,,悬挂装置,,,,,,,
↵,,随行电缆,,,,,,,
↵,,电气装置,,,,,,,
↵,,整机安装验收,,,,,,,
↵,自动扶梯、自动人行道,,,,,,,,
↵,,设备进场验收,,,,,,,
↵,,土建交接检验,,,,,,,
↵,,整机安装验收,,,,,,,